:01002000E9F6
:05002800220D20FCC9BF
:070030001A22130D20FAC98A
:08004000F5E521A5C0C3800015
:20008000C5D52AB6280BE53A6E67E7E12318F3E804D1C1E1F041E60220FAF1D921A3C034B5
:2000A000200223343E01E091C380FFF041E60220FA3EC0C384FFAF01921921A0C0CD5E1047
:2000C0003EC0E09267AF6F0EA0C32800F3E0FFAFFBE00FC9F092B7C8E0463E283D20FDC9AE
:0100F000C946
:02010000185590
:20010400CEED6666CC0D000B03730083000C000D0008111F8889000EDCCC6EE6DDDDD999DF
:16012400BBBB67636E0EECCCDDDC999FBBB9333E5469746C650079
:20014400000000000000000001000000FAA1C047FAA0C0F357583100DFD5CD8410CDB60033
:20016400D17AEAA0C0FE112007AFCB3B17EAA1C0AFE042E043E041E04A3E07E04B11D40005
:200184002180FF0E0CF7CD80FF119C00CDED013EE4E047E0483E1BE0493EC0E0403E01E0C6
:2001A400FFAFE00F21A3C02277E0263CE090CD3D3AFBCD7905760018FCF040E680C8AFE0CE
:2001C400917600F091B728F9C921A5C02A4F2A47B1C87BB920F67AB820F2444D0B0B2A02A8
:1701E40003572A0203B220F6C921A5C02AB628032318F97A3273C93D
:0C3A3D00011A0021233A1132DACD671083
:013A6400C998
:20105E005F78B1C8730B545D1378B1C8CB38CB1930032A1213040C18062A12132A12130DAD
:1E107E0020F70520F4C9F040E680C8F044FE9230FAF044FE9138FAF040E67FE040C99C
:20109C00E8F8F090F8007721D1C72A4F46CB28CB19CB28CB19CB28CB19CB28CB1979C64012
:2010BC00EA0AC521D3C72A4F46CB28CB19CB28CB19CB28CB19CB28CB1979C640EA0BC5212B
:2010DC0004C53AB6CAA1112A4F46212200095D541AE0901AEA0020212300095D541AF8063F
:2010FC0022131A776960232A666FCB3CCB1DCB3CCB1DCB3CCB1DCB3CCB1D7D21CDC75E9344
:20111C00C608F8065E23666B235E83EAFBC469602323232A4F46CB38CB19CB38CB19CB3826
:20113C00CB19CB38CB197921CFC74E91C608F8065E23666B23234E81EAFCC43E01E090210C
:20115C00002036012105C57ED60F30103E3A864F3E40CE00470A21FCC44E817721FCC44656
:20117C0021FBC45E2107C54EFA06C5EA30DA212EDA36492336402131DA36005079CD080FD1
:20119C002107C58677FAF7C4EA08C5FAF8C4EA09C52109C53AB6CA83147EF80177FA09C579
:2011BC00F802322A4F4669607E0FE601F803322B2A5F566B6223E57DF80677E17CF805771C
:2011DC00F8012A5F5621030019E57DF80877E17CF807322B2B2A5F3A2B571A4F131A47CB34
:2011FC0038CB19CB38CB19CB38CB19CB38CB197EB7282979C608EAFBC4F8062A5F561A4F46
:20121C00131A47CB38CB19CB38CB19CB38CB19CB38CB1979C608EAFCC4C3251321D1C746B7
:20123C007990C608EAFBC4F8062A5F561A4F131A47CB38CB19CB38CB19CB38CB19CB38CBD5
:20125C00197921D3C74E91C608EAFCC4F8042A5F561A131AC643EA0CC5F8062A5F561A13DE
:20127C001AC643EA0DC5FA0CC5210AC5963839FA0CC50E00C6F04779CEFF4F210AC55E16E2
:20129C00007B907A993821FA0DC5210BC5963818FA0DC50E00C6F14779CEFF4F210BC55E5C
:2012BC0016007B907A993061F8012A4F4669607E07E601F80777F8012A5F56213200194D59
:2012DC004459501AF80522131A227EB7280F2B2B7EEA08C5F8067EEA09C5C3AD11F8052AAA
:2012FC004F46FA8BCBD6013E0017EE012012C52108C55E2356D51E01216A40CDF539E1C1BA
:20131C002108C5792270C3AD11FA43DAB7206DF04BD607286721FBC44E060021080009F0DF
:20133C004B4F06005C507995789CCB7B2807CB7A2008BF1805CB7A2801373040FAFCC40690
:20135C0000C6F84F78CEFF47F04A6F260058547D917C98CB7B2807CB7A2008BF1805CB7A38
:20137C0028013730172108C52A4F46213200095D541A2108C522131A77C3AD112108C52A89
:20139C004F4669607E0F0FE6012811213200095D541A2108C522131A77C3AD11210E000983
:2013BC007EFEFF28402133DAA6203A210B0009347E2108C52A5F56210B00194D440AF8066E
:2013DC0077210D00197EF80777F8062A9620166B627ECB37E6012807F8067E3D02180621EE
:2013FC000C00197E022108C52A4F46212200095D541AE0901AEA0020212300092A6E5F553B
:20141C00FAFCC4F80577FAFBC4F80677FA07C5F80777210A00097EEA30DA6B622323232A12
:20143C00666F79C60B4F3001040A4F0600CB21CB10092A4F46212EDA7922702131DA360069
:20145C00F8052A472A5F507ECD080F2107C586772108C52A4F46213200095D541A2108C51B
:13147C0022131A77C3AD11F8007EE0907EEA0020E808C9EF
:20400000AF21F9C42277AF21F5C42277AF21F7C4227721FFC436002100C53600AF2101C568
:204020002277AF2103C52277114404D5110000D511B1C0D5CD6839E806C9020100FFFEFD29
:20404000FCFBFAFBFCFDFEFF0000000007000802078000000011B1C0D51E0121F545CDF553
:2040600039E121B1C0CB96CB9EC9E8F8F80E7EF80077F80F7EF80177C1C569607EE601F88D
:204080000777B7CAC841F8007ED6B12007237ED6C0CAC841F8007EF80677F8017EF8073257
:2040A0002A666FCB86D1D521300019E57DF80477E17CF803322A5F561AF80622131A77D1B3
:2040C000D521320019E57DF80677E17CF80522233AB6283C2B2B2A5F561A4F131A47B128EA
:2040E0002F213000094D44F8062A02037E02F8022A5F561A4F131A47213200094D44F8045A
:204100002A5F2A571A22131A322A02037E02183EF8073AB6281C2A5F56213200194D44AF37
:20412000020302F8022A5F561A21F5C422131A77181CF8042A5F561A4F131A47B1280921F6
:20414000300009AF22771806AF21F5C42277F8042A666FAF2277F8022A5F5621F9C42A1268
:20416000137E123AB628102A4F46213200094D44F8002A02037E02F8007EEAF9C4F8017E8D
:20418000EAFAC4D1D5212B00192A4FCB7E200C79F5331E02215D71CDF53933D1D5212D00AC
:2041A00019E57DF80877E17CF807322A5F3A571A22131A77E5CB7EE1200EF8067EF5331E86
:2041C0000221C271CDF53933E808C9E8F8F80E2A4F4669607EE601C2074369607ECB370773
:2041E000DA07436960CBC6C5C51E0121F545CDF539E1C12130000933335D54D51AF8062220
:20420000131A7721320009E57DF80477E17CF80377F8073AB6284BF8022A5F561A6F131A09
:2042200067B5283E113000195D54F8062A12133A12D1D51A22131A322A5F5621320019E5E7
:204240007DF80677E17CF805322B2B2A5F561AF80622131A322B2B2A5F2A572A12137E12D3
:20426000183BF8073AB628192A5F56213200195D54AF121312D1D51A21F9C422131A77185D
:204280001CF8022A5F561A6F131A67B5280911300019AF22771806AF21F9C42277F8022A1C
:2042A000666FAF2277D1D521F5C42A12137E123AB6280A2A5F562132001979227021F5C430
:2042C000792270212B00095D54AF223680212800097EF80577B72827237B22722129000977
:2042E0002A6E5F55C5AFF533F8092A666FE5D5F80C7EF5331E0221F76FCDF539E806C12100
:204300002D0009AF223680E808C9E8FAFAF9C4EA0EC5FAFAC4EA0FC5210FC53AB6CAFE436B
:204320002A4F4669602323232A665F54CB3ACB1BCB3ACB1BCB3ACB1BCB3ACB1BCB3ACB1BB2
:20434000CB3ACB1BCB3ACB1BF80573213000095D541AF80022131A77F80D7EF80596C2EF6D
:20436000436960232A4F46CB38CB19CB38CB19CB38CB19CB38CB19CB38CB19CB38CB19CB1A
:2043800038CB19F8027922AF324E060003F80C7EF80422AF322A917E985678CB7F2807CBD0
:2043A0007A2008BF1805CB7A2801373042F8042A5F56211700194D44F8022A917E98567812
:2043C000CB7F2807CB7A2008BF1805CB7A280137301DC1C5C5210EC52A5F56D51E0121CB2B
:2043E00041CDF539E1C1210EC5792270C31843F8007EEA0EC5F8017EEA0FC5C31843E8064E
:20440000C9E8F9FAF9C4EA10C5FAFAC4EA11C52111C53AB6CA4F452A4F466960235D541A49
:20442000F80522131A77F8052A5F3A2B57CB3ACB1BCB3ACB1BCB3ACB1BCB3ACB1BCB3ACBFB
:204440001BCB3ACB1BCB3ACB1B7369602323235D541AF80022131A77D1D5CB3ACB1BCB3AA7
:20446000CB1BCB3ACB1BCB3ACB1BCB3ACB1BCB3ACB1BCB3ACB1BF80273F8052A5F56CB3A71
:20448000CB1BCB3ACB1BCB3ACB1BCB3ACB1B210700097E6F079F67195D54CB3ACB1BCB3A90
:2044A000CB1BCB3ACB1BF80573D1D5CB3ACB1BCB3ACB1BCB3ACB1BCB3ACB1B210800097EB9
:2044C0006F079F67195D54CB3ACB1BCB3ACB1BCB3ACB1BF80673213000092A4F46F80D7EC8
:2044E000F804963861237EF80D96385A235E160021150019E57DF80577E17CF80422233A2F
:20450000223600F8035D54F8051A1396231A9E1A57CB7E2807CB7A2008BF1805CB7A28015C
:20452000373823F8027EF80E96381BC52110C52A5F56D51E0121CB41CDF539E1C12110C534
:20454000792270C30F442110C5792270C30F44E807C9E8FBF80B7EF80077F80C7EF80177A6
:20456000D1D5210C0019E57DF80477E17CF803322A5F2A571A77D1D5210D00194D44F80DD2
:204580007EF8049620080A5FF80E7E932817D1D5210B00195D54F80D7E12F8022A5F56F822
:2045A0000D2A127E02E805C9E8FDF8092A4F46210B00093333E5210C00097EF80277210D04
:2045C00000094E0600F8025E160079934F789A47F80B5E1600CDB00FF8027E814FE1E571DA
:2045E000E803C9F8062A4F46210B00095E210C00094E7B91C9F8062A4F46210500095E21F3
:204600001000097321120009CB231600195D54131A3C56F533D533C51E01215245CDF5397E
:20462000E804C9F8062A4F46210500097EC6045F211000097321120009CB231600195D547B
:20464000131A3C56F533D533C51E01215245CDF539E804C9F8062A4F46210500095D54F88A
:20466000082A127EB728292B7EC6045F211000097321120009CB231600195D54131A3C5628
:20468000F533D533C51E01215245CDF539E804C9F8085E21100009732112000955CB236AAA
:2046A0001600195D54131A3C56F533D533C51E01215245CDF539E804C9E8FCFAF5C4F80050
:2046C00077FAF6C4F80177F8013AB6CA8747F80C7EB7200FF8002A4E6F617ECB370FE601A0
:2046E000CA7347C1C50369602A665F54CB3ACB1BCB3ACB1BCB3ACB1BCB3ACB1BCB3ACB1B0A
:20470000CB3ACB1BCB3ACB1BF80373696023232A4F46CB38CB19CB38CB19CB38CB19CB38CF
:20472000CB19CB38CB19CB38CB19CB38CB19F80B7E912810AF4703F80B5E16007B912033C7
:204740007A90202FF80A7EF803962823F8034E0600595013F80A7EF80222AF327E932004E7
:20476000AF92280B0BF8027E912008AF902004C1C51817D1D5213000194D4459501AF80015
:2047800022131A77C3C746010000E804C9E8F621B2C02A4F463333C521B4C02A4F46F80224
:2047A000792270F8104E06007987CB1087CB1087CB1087CB10F804227021B6C04EF8007EA8
:2047C000F80877F8017EF80977AF47CB21CB1021DD1B09E57DF80877E17CF807322A5F564E
:2047E0001A5F079F57F8042A4F46CDBA0DF8082A666F094D443333C5F8027EF80877F80346
:204800007EF80977F8062A4F46030A5F079F57F8042A4F46CDBA0DF8082A666F094D44F89C
:2048200002792270F8117EF53311B1C0D521030039E511B7C0D51E0121DA4ACDF539E8116E
:20484000C9E8F011E3C01AF80022131A77F8013AB6CAD44AD1D521320019E57DF80477E192
:204860007CF80377F8167EB72025F8007EF80E77F8017EF80F322A5F561ACB370FE601200E
:204880000EF8022A5F561AF80022131A7718BED1D56B6223E57DF80877E17CF80777D1D59B
:2048A00021060019E57DF80677E17CF805222A5F3A2B2B571A4F131A47CB38CB19CB38CB63
:2048C00019CB38CB19CB38CB192A5F561A5F079FF80E712370573A6E6719E57DF80E77E1AA
:2048E0007CF80D7721B2C02A4F46CB38CB19CB38CB19CB38CB19CB38CB19FAB8C05F079F5B
:2049000057F808792278322A666F194D44F80C799623789E384DF8042A4F46030A4F079FC4
:2049200047F80E2A666F09E57DF80C77E17CF80B77FAB7C0F80E22079F323A2B77F80F3AE0
:204940002B322A5F56F8082A666F19E57DF81077E17CF80F77F80A5D54F80E1A1396231A8E
:204960009E3007F80F3600C3BB4AF8062A5F5621020019E57DF81077E17CF80F322A5F3A0A
:20498000571A22131A323A2B77F80F3A2B77CB3E2BCB1E23CB3E2BCB1E23CB3E2BCB1E23A6
:2049A000CB3E2BCB1EF8042A5F5621020019E57DF81077E17CF80F322A5F561A773A220779
:2049C0009F77F80C7EF80677F80D7EF80777F80E2A5F56F8062A666F19E57DF80A77E17C9E
:2049E000F8097711B4C01AF80E22131A323A2B77F80F3A2B77CB3E2BCB1E23CB3E2BCB1EFD
:204A000023CB3E2BCB1E23CB3E2BCB1EFABAC0F80F773A22079F77F80C3A2B77F80D3A2B61
:204A200077F80E3A2B77F80F3A2B322A5F56F80A2A666F19E57DF81077E17CF80F77F80EC4
:204A40005D54F8081A1396231A9E3865F8042A5F5621030019E57DF81077E17CF80F322AB1
:204A60005F561A773A22079F322A5F56F8062A666F19E57DF80E77E17CF80D77FAB9C0F8A4
:204A80000F773A22079F327EF80877F80F7EF809322A5F2A572A666F19E57DF81077E17C4F
:204AA000F80F77F80C5D54F80E1A1396231A9E3006F80F36001804F80F3601F80F7EB728EE
:204AC00004C1C51812F8022A5F561AF80022131A77C34D48010000E810C9E8E9F80036B1A7
:204AE0002336C0F81F7EF80277F8207EF80377F81D7EF80477F81E7EF805322A5F566B621A
:204B000023E57DF80877E17CF80777F8022A5F5621020019E57DF80A77E17CF80977F80405
:204B20002A5F5621030019E57DF80C77E17CF80B77F8042A4F4603030AF80C77F8013AB676
:204B4000CAF34CD1D521320019E57DF80F77E17CF80E77F8217EF800962008F8227EF801A2
:204B6000962814F8237EB7201CF8002A4E6F617ECB370FE601200EF80D2A5F561AF80022DB
:204B8000131A7718B7D1D56B6223E57DF81377E17CF81277D1D521060019E57DF81177E1A1
:204BA0007CF810222A5F3A2B2B571A4F131A47CB38CB19CB38CB19CB38CB19CB38CB192A3C
:204BC0005F561A5F079FF813712370573A6E6719E57DF81777E17CF81677F8022A5F561AB6
:204BE0004F131A47CB38CB19CB38CB19CB38CB19CB38CB19F8062A5F561A6F079F67095D7D
:204C000054F8157B96237A9E3830F80F2A5F56131A5F079F57F8132A666F19E57DF8177705
:204C2000E17CF81677F8042A5F561A6F079F67094D44F8152A917E983004AFC3DD4CF811D1
:204C40002A666F23232A4F46CB38CB19CB38CB19CB38CB19CB38CB19F80F2A5F2A5713137D
:204C60001A5F079F57792278322A666F19E57DF81577E17CF81477F8082A5F2A571A4F1315
:204C80001A47CB38CB19CB38CB19CB38CB19CB38CB192A5F561A5F079F57F8157922783270
:204CA0002A666F194D44F813799623789E3829F80F2A4F2A470303030A4F079F472A666F58
:204CC000094D44F80C7E5F079F57F8152A666F195D547993789A3003AF18023E01B728044A
:204CE000C1C51812F80D2A5F561AF80022131A77C33C4B010000E817C93BFA00C5B72075EF
:204D00002102C53AB6286E2A4F46212F00094E79B7286A11D6C01AF80077B72822060021A5
:204D2000D7C02A665F54C53E01F533010000C5D5F8077EF5331E0221F76FCDF539E808217A
:204D400001C52A5F56212500194678B72820212600192A666F110000D53E01F533110000D5
:204D6000D5E5C5331E0221F76FCDF539E8082100C5361418082100C57EB7280135AF210155
:204D8000C5227733C9E8EDF8197EF80D77F81A7EF80E77CB3E2BCB1E23CB3E2BCB1E23CB81
:204DA0003E2BCB1E23CB3E2BCB1EF81D7EF80177F81E7EF80277F81F7EF80777F8207EF8C0
:204DC0000877CB3E2BCB1E23CB3E2BCB1E23CB3E2BCB1E23CB3E2BCB1EF81B7EF80F77F870
:204DE0001C7EF81077CB3E2BCB1E23CB3E2BCB1E23CB3E2BCB1E23CB3E2BCB1EF8012A5F3B
:204E00005621020019E57DF80B77E17CF80A77F8012A5F5621030019E57DF80D77E17CF806
:204E20000C77F8217E3D282DF8012A5F566B6223E57DF81377E17CF81277F8217ED602CA03
:204E40006550F8217ED603CA9252F8217ED604CAFF53C39B55F8017EF81177F8027EF812C6
:204E600077F8012A5F561AF806773A22079F323A2B77F8063A2B77F80D2A5F56F8032A66FB
:204E80006F19E57DF80777E17CF806327EF80D77F8067EF80E77CB3E2BCB1E23CB3E2BCBF3
:204EA0001E23CB3E2BCB1EF8032A5F56F8072A666F19E57DF80777E17CF80677CB3E2BCBFA
:204EC0001E23CB3E2BCB1E23CB3E2BCB1E2A5F562101007B955F7A9CF8083273F8092A5F7F
:204EE000561A773A22079F327EF80577F80A7EF806322A5F56F80F2A666F19E57DF80B771B
:204F0000E17CF80A77CB3E2BCB1E23CB3E2BCB1E23CB3E2BCB1EF80B2A5F561A773A220748
:204F20009F322A5F56F80F2A666F19E57DF80777E17CF806327EF80F77F8067EF81077CB7B
:204F40003E2BCB1E23CB3E2BCB1E23CB3E2BCB1E2A5F566B6223E57DF80477E17CF803770C
:204F6000F80D3A2B77F80E3A2B77F8077EF80B962009F8087EF80C96CA5D50F8097EF80F1A
:204F800077F80A7EF81077F8027EF80F962009F8037EF81096CA4950F80F7EF80477F80BE8
:204FA0007EF80577212BC596303AF8047E212CC5963031FA28C5F80677212BC54E0600F8B2
:204FC000045E1600CDBA0D792129C586234F788E47F8056E2600095D54F8067ECD2115F836
:204FE00006711804F806360FE5F808CB5EE1284EF80D2A5F566B6223E57DF81177E17CF86B
:2050000010773E07F80FCB2623CB163D20F6232A5F561A773A22079F773E04F811CB26230A
:20502000CB163D20F62B2B2B2A5F2A572A666F7B955F7A9CF80E32734E2346C3A055F80F0C
:2050400034C2874F2334C3874FF80B2A5F3A571B7B227A322A23322A2377C36A4FF81F4EEF
:205060002346C3A055F8117EF80277F8127EF80377F8112A5F561A773A22079F327EF800FA
:2050800077F8127EF80177F80D2A5F56E1E519E57DF81377E17CF812327EF80477F8127EE8
:2050A000F80577CB3E2BCB1E23CB3E2BCB1E23CB3E2BCB1ED1D5F8072A666F19E57DF813B5
:2050C00077E17CF81277CB3E2BCB1E23CB3E2BCB1E23CB3E2BCB1E2A5F566B6223E57DF8B5
:2050E0000877E17CF80777F8092A5F561AF812773A22079F327EF80D77F8127EF80E322ACB
:205100005F2A572A666F19E57DF81377E17CF812327EF80877F8127EF80977CB3E2BCB1E08
:2051200023CB3E2BCB1E23CB3E2BCB1EF80B2A5F561AF812773A22079F322A5F56F80F2A2E
:20514000666F19E57DF80F77E17CF80E327EF81177F80E7EF81277CB3E2BCB1E23CB3E2B75
:20516000CB1E23CB3E2BCB1E2A5F566B6223E57DF80C77E17CF80B77F8047EF80F77F8058E
:205180007EF81077F8067EF80F962009F8077EF81096CA8A52F8087EF81177F8097EF81288
:2051A00077F80A7EF811962009F80B7EF81296CA7452F8117EF80C77F80F3A2B77212BC589
:2051C00096303AF80C7E212CC5963031FA28C5F80E77212BC54E0600F80C5E1600CDBA0D6F
:2051E000792129C586234F788E47F80D6E2600095D54F80E7ECD2115F80E711804F80E3639
:205200000FE5F810CB56E12860F8047EF81177F8057EF812773E07F811CB2623CB163D2072
:20522000F6F8022A5F561AF810773A22079F322A5F566B6223E57DF80F77E17CF80E322A64
:2052400023322A23773E04F80FCB2623CB163D20F6232A5F56F80F2A666F7B955F7A9CF81F
:205260000E32734E2346C3A055F81134C2A1512334C3A151F80F3420022334F80F7EF804DA
:2052800077F8107EF80577C38451F81F4E2346C3A055F8097EF80377F80A7EF80477F8099A
:2052A0002A5F561A4F079F47F80F2A666F095D54F8057B2272CB3E2BCB1E23CB3E2BCB1E90
:2052C00023CB3E2BCB1E23232A666F094D44CB38CB19CB38CB19CB38CB1911010079935F7D
:2052E000789AF8083273F8012A5F561A4F079F47F80D2A666F094D44F809792270CB3E2BEB
:20530000CB1E23CB3E2BCB1E23CB3E2BCB1EF8112A5F561A4F079F47F80D2A666F094D4448
:20532000CB38CB19CB38CB19CB38CB1903F80B792270F8057EF81177F8067EF81277F807B0
:205340007EF811962009F8087EF81296CAF753F8092A5F56F80B7E932006237E92CADF538C
:20536000F8113A77F80D737E212BC5963041F8107E212CC5963038FA28C5F80E77212BC55A
:205380004E0600F8103A22AF32D55E1600CDBA0DD1792129C586234F788E47F80D6E260060
:2053A000094D44D5F8107E5950CD2115D118020E0FCB492826F8052A4F3A2B2B4703AFCB18
:2053C0001841CB181F4F2A5F561A6F079F672929292979954F789C47C3A05513C35453F825
:2053E000112A5F3A571B7B227A327EF80577F8127EF80677C33E53F81F4E2346C3A055F85D
:205400000B3A2B77F80C3A2B222A5F561A4F079F47F80F2A666F095D54F80F7B2272CB3E06
:205420002BCB1E23CB3E2BCB1E23CB3E2BCB1EF8072A666F094D44CB38CB19CB38CB19CBA7
:2054400038CB1903F80B792270F8012A5F561A4F079F47F80D2A666F094D44F80779227049
:20546000CB3E2BCB1E23CB3E2BCB1E23CB3E2BCB1EF8112A5F561A4F079F47F80D2A666F4D
:2054800009E57DF81377E17CF812322A4F46CB38CB19CB38CB19CB38CB1903F80379227009
:2054A000F80F3A2B77F8103A2B77F80B2A239620072B2A2396CA9455F8077EF81177F8085A
:2054C0007EF81277F8037EF811962009F8047EF81296CA8255F80D5EF8117EF80577212B27
:2054E000C59630327B212CC596302BFA28C5F80677212BC54E060050CDBA0D792129C586BE
:20550000234F788E47F8056E2600095D54F8067ECD21157918023E0F0F305CF80F2A233201
:205520002A23773E07F811CB2623CB163D20F6F8092A5F561AF80D22079F322A5F566B626C
:2055400023E57DF81177E17CF810323A2B77F8103A2B773E04F80DCB2623CB163D20F6F868
:20556000112A5F56F80D2A666F7B955F7A9CF81032734E23461829F81134C2C4542334C3DC
:20558000C454F80D3420022334F80D2A23322A2377C3AA54F81F4E23461805F81F4E23467F
:0355A000E813C944
:20148F00F090EA12C5F8067EE090EA0020C1CDF437FA12C5E090EA00206069E9F090EA12D4
:2014AF00C5F8067EE090EA0020C1CDFC37FA12C5E090EA00206069E9F090EA12C5F8087EE5
:2014CF00E090EA0020C1CD0F3AFA12C5E090EA00206069E9F090EA12C5F8087EE090EA0096
:2014EF0020C1CDDB37FA12C5E090EA00206069E9F090EA12C5F8027EE090EA002060692AFA
:20150F0012132A12137E12FA12C5E090EA0020E133E94FF090EA12C579E090EA0020626B20
:20152F002A4F46FA12C5E090EA0020C9F090EA12C5F8047EE090EA0020F8022A666FE5CDE9
:20154F00450FFA12C5E090EA0020E1E803E93B3BF090EA12C5F8067EE090EA0020F8047E01
:20156F00F80077F8057EF80177E1E5E5CDBA0EFA12C5E090EA00203333E1E803E9E8F6F886
:20158F00077323722B2B77F8033600F80D7EF80477F80E7EF80577F8093600F80C7EF80987
:2015AF00962856F8072A4F3A2B477EF533210100395D54CDFF14F8004EF8042A5F561A47D0
:2015CF0079902019F8012A4F2A23472A666F232A669120097C902005F8037E181FF8093432
:2015EF007EF80377F8072A5F5621030019E57DF80977E17CF8087718A2F80C7EE80AE1E82C
:02160F0003E9ED
:0B55A300250A7FB602615701270001B6
:20161100E8F9FA1BC5F80077E5CB46E1CAAC1621B2C02A4F46CB38CB19CB38CB19CB38CB3E
:2016310019CB38CB1921080009E57DF80377E17CF80277FA19C54F079F47F8037922783271
:201651002B2B2A5F2A572A666F7B955F7A9C474BFA17C55F079F5779934F789A47FA13C54B
:20167100F80577FA14C5F806322A917E9830082113C57922701824D5F8052A5F56F8032AC3
:20169100666F19D14D4479934F789A47F805799623789E30062113C5792270E5F802CB4EBE
:2016B100E1CA411721B4C02A4F46CB38CB19CB38CB19CB38CB19CB38CB1921080009E57D92
:2016D100F80377E17CF80277FA1AC54F079F47F803792278322B2B2A5F2A572A666F7B95F5
:2016F1005F7A9C474BFA18C55F079F5779934F789A47FA15C5F80577FA16C5F806322A91E3
:201711007E9830082115C57922701824D5F8052A5F56F8032A666F19D14D4479934F789A95
:1317310047F805799623789E30062115C5792270E807C925
:20C00000AF2115C52277AF2113C522772118C536002117C536001E03211E40C3F539211A69
:20C02000C536002119C53600211BC53603C91E05214940CDF5391E02214D49CDF5391E0213
:20C04000210040CDF5391E0421004DCDF5391E05212940CDF5391E0321BE47CDF5391E04ED
:20C06000218944CDF5391E03210040CDF5391E01210040CDF5391E01213056CDF539AFF57A
:20C08000331E04216843CDF53933AFF5331E0421A843CDF53933AFF5331E04215C4DCDF599
:20C0A0003933C9E8FCCD9F35B7280FFE01280BFE0228F2D603CA5D4118EBCDF918FA14C696
:20C0C000D6F020283E01F5331E0221406FCDF5393311A3550601AFF533210000E5D5C53313
:20C0E0001E0221F76FCDF539E80618B9218BCB7ED6013E0017EE012019FA14C6B72803CD13
:20C100009D17CD4902FA33DAE60F2003CD7018CD101C0EC0F092912007214ADA36DF180567
:20C12000214ADA36C02107C53600CD11161E03210848CDF539CD9C10CD701DCDAB261E0190
:20C1400021F94CCDF5392133DA341E28FA07C5CD770DFA4ADAE092CDBD01C3A540FA8DCBAA
:20C160003D281AFA8DCBD6022858FA8DCBD603CA2F42FA8DCBD604CA4C42C3A5401E0521C0
:20C180000040CDF539CD7105AFF5331E0221406FCDF5393321690546216A052A666F3E0189
:20C1A000F533C533E51E02218642CDF539E804D6013E0017F803771E0221EB48CDF539C3BA
:20C1C0009C421E05210040CDF539AFF5331E0221406FCDF53933AFF5331E0421A843CDF546
:20C1E0003933AFF5331E04216843CDF53933AFF5331E04215C4DCDF539332190CB2A4F46B4
:20C20000FA8FCBF533210100395D54CDFF14F8002A472A4F7E260168E547C51E02218642CD
:20C22000CDF539E804D6013E0017F80377186D218FCB4E2190CB2A5F5679CD211579F533B3
:20C240001E03211B45CDF53933C3A5401E04215345CDF5391E05210040CDF539218FCB4E48
:20C260002190CB2A5F5679CD211579F5331E0321DC45CDF53933EA8CCB211FC54E2120C51B
:20C280002A666FAFF53379F533E51E02218642CDF539E804D6013E0017F80377F3FA36C5CC
:20C2A0003D2809FA36C5D602280A181011331DCDB338180E110A1ACDB3381806118B19CD1D
:20C2C000B338AFE045FBFA42DAB72006F040F602E0401E01215540CDF539CD44020EC0F0C8
:20C2E00092912007214ADA36DF1805214ADA36C02107C53600CD11161E0321B24DCDF539EF
:20C30000CD9C101E28FA07C5CD770DFA4ADAE092F8037EB7CAA5401E04213945CDF539C359
:20C32000A540E804C92118C83600FAA0C0D6112006FA4301073803AF18023E01EA17C8FA7A
:20C34000A1C0B72806FA17C8B72003AF18023E01EAA1C0AFA7F5110000D51100DFD5CD6866
:20C3600039E8061E0321F843CDF539CD84101E05211B40CDF5393E67E0403E07E04B3E9020
:20C38000E04AF00406004FC5CD4137E1CD71053E01F5331E0221406FCDF53933F32196C607
:20C3A00036842336C6AFE04511361ACDED01F041F640E041FAA0C0D611200CFA430107E694
:20C3C000014FB73E8020023EC0E0063E07E007F0FFF60EE0FFFBF040F680E0400601AFF528
:18C3E00033110000D511A355D5C5331E0221F76FCDF539E806C3A34020
:050000000000C3380000
:04003800F3C300020C
:0A020000E52100203604E1C30040B0
:020000040001F9
:20000000EA1CC5F0FFEA1DC5F040EA1EC53E80E0403E01EAFF003E00EA0F0076003E00E08C
:2000200040089E9D319E9DE5D5C5FA1CC5F5F04F5FCB47281121969D0E0A46AFE04F702C6D
:200040003CE04F0D20F4AFE026E04F7BEABB9D3E01E04F21CB9D0612AF0E15EF7DC60B6FE6
:200060000520F5AFE04F3E03E0473E80E068AF0E69E2E23DE2E2E2E2E2E23E70E0423E5C3D
:20008000E043CD8A4121B79D119C9D0E04F721CB9D11EB4206033E20220E13F73E20227D78
:2000A000C60B6F0520F03E200E15EF2E6B0E04F7C1CD3B410E08F7FAA0C0CD3F413E20229B
:2000C00022222E8B0E04F7C1CD3B410E06F7C1CD3B413E202222227DC60B6F0E04F7C1C5EB
:2000E000CD3B41113E430E07F7D1CD5B41114543CB7D28E31149432EAB0E06F7FA1EC5CDC8
:200100003F410E04F7F04DCD3F410E04F7FA1DC5CD3F4136202ECB0E07F73E20221A132270
:20012000FE20280C1A134F1A13470ACD3F4118EA3E89E040AFE00F760018F9CD404179470A
:2001400078E6F0CB37C630FE3A3802C6072278E60FC630FE3A3802C60722C9424BCD3B4195
:200160003E2022227BD6085F7ADE00577DC60B6F3E20221A13CD3F411A13CD3F413E2022C5
:20018000CB6520EF7DE67F20E3C921B1412A5F2A57B3C84E23CB79280A2A121312130C2053
:2001A000F918F00C0D28E62A121312130D20F818E20090F8FF000092F8FF00D09208FFFF0C
:2001C000FFFFC3FFFFFF00009350FFCFA733333397CFFFCF8F0FCFCFCF03FF8733E7CF9F20
:2001E0003F03FF8773F3C7F37387FFC7A76703E7E7E7FF033F3F87F33387FF87333F0733AB
:200200003387FF03F3F3E7E7CFCFFF87333387333387FF87333383F3338700A09308FFFF1B
:200220009F9FFF9F9FFF00109442FFCFB77B7B037B7BFF077B7B077B7B07FFC3BF7F7F7FEC
:20024000BFC3FF0F777B7B7B770FFF037F7F037F7F03FF037F7F037F7F7FFF837F7F437BDE
:200260007B87FF7B7B7B037B7B7BFF83FBEF0283FFFAFB0A07FF7B776F5F1F6F73FFFA7F6A
:200280001303FF7B334B7B7B7B7BFF7B3B5B6B737B7BFF87FB7B2387FF077B7B077F7F7F5A
:2002A000FF877B7B7B5B6793FF077B7B076F777BFF837F7F87FB7B87FF01FAEF01FFFA7B2C
:2002C0000287FFFB7B22B7CFFF7B7B7B7B4B337BFF7B7BB7CFB77B7BFFBBBBBBD7EFEFEF98
:2002E000FF03FBF7EFDFBF030000004B45524E454C2050414E494320504C454153455345BC
:200300004E44204120434C45415220504943204F46544849532053435245454E20544F20B7
:20032000444556532041463A20204D4F44454C3A2042433A20202044453A20484C3A20208F
:20034000564945573A2053503A204C4344433A204B313A2049453A202042414E4B3A529085
:08036000FF56BB9D5770FF2002
:020000040000FA
:20174400E8FD4B425FF090F800777BE09021002073210500095D541AF80122131A77210745
:2017640000092A4F46F8052A5E87CB136F63092A4F46CB21CB10F8012A666F094D44F807C1
:191784002A5F56211000E5CD450FF8007EE0907EEA0020E803E1E804E927
:208000002132C536002134C536002177C536372336C5C905E2423BF8097EB7CAF1402B3A17
:20802000B6CAF140F8072A5F2A574B42D57E5950CD2115D1131379D68078DE00301879B766
:20804000CAF140F80966E533D5F533AFF533CD8F14E805C3F140C5D5F80D7EF533D5210046
:2080600080E5CD8F14E805D1C179C6804F78CEFF47210008195D5479D68078DE003043F88F
:20808000007977D64178DE00301C7EB728634E3EC091F80966E533D5F80366E533F533CDD8
:2080A0008F14E805184BF8007EB72845F8097EF533D5F8037EF5333E80F533CD8F14E805D3
:2080C000182FC5D5F80D7EF533D5218080E5CD8F14E805D1C179C6804F7AC6085779B72845
:2080E00010F80966E533D5F533AFF533CDAB14E80533C9E8F2F8142A4F2A477EF533110E13
:2081000000D5210300395D54CD3B15F8087EEA22C5F8092A4F7E2123C5712377F80B7EEA99
:2081200025C5F80C2A4F7E2126C5712377F8007EEA2BC5F8017EEA2CC5212BC56E260029D3
:2081400029295D54212DC57B2272FA2DC5C660EAD5C7FA2EC5CEFFEAD6C7212CC56E26007B
:208160002929295D54212FC57B2272FA2FC5C670EAD7C7FA30C5CEFFEAD8C7F8022A472A29
:208180004F7EC53347C51E02211640CDF539E811C9E8FBF80C2A4F46210D00094D44F80E46
:2081A0007EF533210100395D54CDFF14F8007EF803322B2A4F46F80B7EF804325950C57E05
:2081C000CD21155950C17BB728160303D5F80566E533C5F533F80A7EF533CDAB14E805D18D
:2081E0007BE805C9F8062A4F46210900094D44F8092A5F3A2B577EF533210400E5CD3B15BA
:20820000C9E8F9F8117EF80077F80F2A5F564B42D5F8027E5950CD2115D1F80179221313C7
:20822000137B227A2271F80D7EF80577F80E7EF80677F8047EB72848E5CB46E12829F802CE
:208240002A4F2A23472A5F56F8007EF533210800E5CD3B15F8022A5F5621080019E57DF8F4
:208260000477E17CF80377F8047ECB3F222A5F5621080019E57DF80777E17CF8067718B279
:20828000F8017EE807C9E8B6F8502A5F2A57D57EF533013B00C54B42210700395D54CD3B9C
:2082A00015D1011FC5F8527E020120C57B02037A02F8047EEA35C5F8054E69AF67237DD6A9
:2082C000157C173F1FDE8030050C790718020E152132C571F8067EFE1F38023E1FEA46DA79
:2082E000F8077EFE0538023E05EA33C5F8087EFE4038023E40EA31C5F8107EEA28C5F811E5
:208300002A4F7E2129C57123771E0121F756CDF539F80D2A472A4F7EC53347C51E0221F31F
:2083200040CDF539E803F8132A472A4F7E5957C5D5C533D521A0DFE51E02210142CDF53989
:20834000E805D1C11378CD21152141C671F8162A472A4F7E5957C5D5C533D52144C6E51EBC
:2083600002210142CDF539E805D1C11378CD211579EA42C62143C670111200D5212D00390B
:208380004D441184C6CD450FF82C4EFA35C5D6053E012801AF0C0D200DB70E0220020E003B
:2083A0002136C57118052136C536014FCB412069110300D5210C00394D4411D3C0CD450F37
:2083C000F80A2A472A665F5421BBC03600C533D5AFF5331E02219141CDF539E8044FF80927
:2083E0004678913801482106C571F80A2A4F2A477E585721C3C0E5210000E579CD4417F80F
:208400000A2A472A666F11B7C0D5C533E51E0221E441CDF539E805182821BBC03E68EA06E8
:20842000C53668110300D501134011D3C0CD450F111000D5110000D511C3C0D5CD6839E83C
:2084400006FA31C5B72872F8202A4F7EF8477123223600FA31C5F84996285EF8497ED64079
:208460002857F81F7EF8474E2346F533213E00395D54CDFF141179C5F8496E2600194D44D3
:20848000FA06C502F83D2A472A4F7EC53347C5FA06C5F5331E02219141CDF539E804210666
:2084A000C58677F8472A5F5621030019E57DF84977E17CF8482234189AF8537EB7CA34471B
:2084C0001E03211E40CDF539110300D5211E00394D4411D6C0CD450F21FFC43600AF21F568
:2084E000C42277AF21F9C4227721B1C0CB8621F7C43EB1223EC0322A4F4621320009AF220D
:208500007721F7C42A4F46213000094D4421F9C42A02037E023AB628112A4F46213200098D
:208520004D4421F7C42A02037E02FAF7C4EAF9C4FAF8C4EAFAC411B1C0D51E0121CB41CDF5
:20854000F539E1FA32C5B7CAA347F8227EF847772132C54E06000B69602909292909292943
:208560004D44F8237EF84877F8247EF849322B2AF533C52A4F4611E5C0CD3B15FA32C53D0B
:20858000F8472236E52336C0F8477EB7CAA347232A5F5621110019E57DF84777E17CF8461E
:2085A000322A5F3A2B571A77F8482A5F56210A00193333E5F8482A5F5621220019E57DF830
:2085C0004277E17CF841322A5F566B6223E57DF84477E17CF843227EB7284DD1D5FA06C567
:2085E00012F8402A5F561AF844322B2A5F561AF80022131A77C1C5F8447EF533C5FA06C5F6
:20860000F5331E02219141CDF539E804F84477F8452A5F561A773A2B9630032A2377F846A8
:208620007E2106C58677182CF81F2A4F2A665F54F8402A666FE5FA31C5F53379CD8C154F52
:208640002131C59630092179C50600094E18020E00E1E571F8482A5F5621120019E57DF854
:208660004677E17CF84577F8402A5F561AF84677F8422A5F3A571A22131A222A5F2A57D588
:20868000110000D57EF8465E2356CD4417F8482A4F3A470AE6FE022A5F56213200194D4433
:2086A000AF020302F8482A5F56213000194D4421F9C42A02037E023AB628257EF84377FAF6
:2086C000FAC4F844322A5F5621320019E57DF84777E17CF846322A5F2A23572A12137E1232
:2086E000F8487EEAF9C4F8497EEAFAC4F8482A4E6F617E0FE6012015F8487EF84577F849CA
:208700007EF846322A5F561A07E601280FF8485E2356D51E0121CB41CDF539E1F8473523A2
:208720002A5F5621340019E57DF84A77E17CF84977C388452132C57EB7284901E5C07E3D0D
:20874000F84977F8497EB7283B211100097EB72828212200097EE5F84A77E1232A6E5F5510
:20876000210A00097EC5F84A66E533D5F5331E02219141CDF539E804C1F849352134000936
:208780004D4418BF21F5C42A4F4678B12815C5C51E0121F545CDF539E1C1213000092A4FFE
:2087A0004618E71E02217349CDF539FA33C5B7CA6F48F8287EF847772133C54E06006960C8
:2087C000292909290929094D44F8297EF84877F82A7EF849322B2AF533C52A4F461151C7B6
:2087E000CD3B15FA33C5F847223E512236C7F8477EB7287B232A5F56210400194D44F81F5C
:208800007EF84677F8202A665F54C5FA31C5F533F8497ECD8C15F84677F8482A5F562108C3
:208820000019E57DF84577E17CF84422237E2131C596301BF8465E16002179C519E57DF831
:208840004777E17CF846322A5F561A774E18020E00F8432A666F71F84735232A5F5621174E
:208860000019E57DF84A77E17CF84977C3EE47FA46DAB7282BF8257EF847772146DA6E266D
:20888000002929294D44F8267EF84877F8277EF849322B111AC82AF533C54E2346CD3B1560
:2088A0001E0321E847CDF5391E0321AF50CDF539AF2103C52277F8537EB7282BF81A2A4F81
:2088C0004678B128222B2B66AFF533110000D5C5E5331E0221F76FCDF539E80678B1D601F9
:2088E0003E0017EE011801AFE84AC92164052A4F4621B2C07922702166052A4F4621B4C0AA
:20890000792270FA6805EAB6C0FA6C05EAC0C0FA6D05EABFC021BCC0360021BDC036002113
:20892000BEC0360221B1C0CB8E21E0C0360121B1C0CBEEC9F8083A2BF5332A5F56D53E0407
:0D894000F533FA06C5F533CDAB14E805C9D3
:20179D00E8F8F8053EE12236C5FA14C6F80777F8003601F8077EB7CA6318E5CB46E1CA4D33
:2017BD0018F8052A5F3A2B571A77B7CA4D18E60F3D4F079F47696029290911B9C5194D4470
:2017DD0021030009E57DF80377E17CF802322A5F561A6F131AB52858E5F806CB7EE128095A
:2017FD00FA14C6F800AEEA14C6FA15C6F800A6203F69602A666FB42803293034F8007EF81A
:20181D0003223E00322B2B2A5F561A6F131A5D57696023237EF5F8057E26006FF1E52601E8
:20183D00E533C5D5F5331E0221F76FCDF539E808F8077ECB3F77F8007E8777F80534C2B00A
:20185D00172334C3B017FA16C62114C6A6EA16C6E808C9E8FB01FDC5F8043600F8047ED655
:20187D000428760AB7286B5950131A3D12B720620A12F8045E16006B622929197DC6E95FA8
:20189D007CCEC5F800732377E1E52323235D541AF80222131A77F8033AB62838D1D51A6FE3
:2018BD00131A67B52803293029F8022A5F56E1E523237EC5210000E52600E533F5F8072A8B
:1C18DD00666FF1E5D5F5331E0221F76FCDF539E808C10303F804341883E805C96D
:020000040001F9
:20036800F8067EB728170E0079D608D00600696029290911B9C519AF22770C18EB1108008C
:20038800D5110000D511E1C5D5CD6839E806112800D5110000D511B9C5D5CD6839E806C935
:2003A800F8067EB728170E0079D604C80600696029290911E9C519AF22770C18EB11080028
:2003C800D5110000D511FDC5D5CD6839E806111400D5110000D511E9C5D5CD6839E806C9BD
:2003E800B7281C5726047BE60328013DCB3FCB1DCB3FCB1DCB3BCB3B2520EB5D1520E57B9D
:20040800C9B7281E5726047BE603FE0328013CCB3FCB1DCB3FCB1DCB3BCB3B2520E95D1533
:2004280020E37BC94F3E049130020E04FA32DAB720242141C646C55879CDE843C1E0472101
:2004480042C65EC579CDE843C1E0482143C65E79CDE843E049C92141C646C55879CD094406
:20046800C1E0472142C65EC579CD0944C1E0482143C65E79CD0944E049C9000103070F1F7E
:200488003F0184440AEA06C62107C636052105C636003E05C32C44FA07C6B7C82108C63660
:2004A800002109C636002105C636012107C63E0577C32C44FA07C6D605C82108C636002160
:2004C80009C636012105C636012107C63600AFC32C44FA05C6B7C82108C64E34792106C6CA
:2004E800A6C02109C6CB4620152107C67EB7280135FA07C6B7201C2105C6360018152107A6
:20050800C67ED605300134FA07C6D60520052105C636002107C67EC32C442107C67EC32C6C
:2005280044018244F8066E2600094D440AEA06C6C91E04219F44CDF539FA05C6B7C8CDBD04
:20054800011E0421DA44CDF53918EE1E0421BC44CDF539FA05C6B7C8CDBD011E0421DA44C2
:05056800CDF53918EE8D
:020000040000FA
:013A230000A2
:020000040001F9
:20056D00C5F3F090F5F8067E4FCB3FC604EA00202640CB412802CBECAF6F16A05F3E0AEAE0
:20058D00000079EA00401A473E00EA00003EA9EAAA0A3E56EA55053EA0EAAA0A7877060054
:2005AD00BE280BE5E1E5E10520F61E00180913233EC0BA20C81E013EF0EA00403E0AEA00D8
:2005CD0000F1EA0020FBC1C9F80646F800545D2198FF39F9D5E50E68116D45F778C11E0076
:2005ED00D6013813E603F5606933E73B7BB72806F1D60130F1F5F1E1F9C9F3F090F53E0058
:20060D00EA00003E04EA00203EF0EA00403EA9EAAA0A3E56EA55053E80EAAA0A3EA9EAAA0B
:20062D000A3E56EA55053E30EA0040110000FA0040FEFF280EE5E1E5E11D20F21520EF1EB8
:20064D000018021E013E0AEA0000F1EA0020FBC9F800545D21AAFF39F9D5E50E5611074642
:20066D00F7E1E7E1F9C9F8064E2119C87EE6F04779E60FB077210040771E0469CB3D197990
:20068D00E601CB3707E6E0470E0078C640477DF533110020D51100A0CD3B15C9060078D6E7
:2006AD0004D0C5C5331E04217346CDF53933C10418EC2119C84EC51E04215D46CDF5397B38
:1E06CD00C1B7C8C5F8087EF5331E0421D545CDF53933C12119C87E71210040717BC911
:020000040000FA
:013A240000A1
:020000040001F9
:2006EB00E0013E81E002F0020738FBF001C98833010000000100000088330F0000000F00F1
:20070B00000088330400000004000000883308000000010000005F210AC6460E00C57BCD96
:20072B00EB46C1210AC62270C94F06007891300E041A6F13C5D57DCD2147D1C118EE210B24
:20074B00C67ED68120032B7EC93EF0C93B3B43FA0CC6B7202021E2470E0679B7280F2A5F9D
:20076B00E5C5D57BCDEB46D1C1E10D18ED210DC63E8622AF770E10F80078227279B7282750
:20078B00D1D51A210DC65E23562B0600835F788A732377D1D51A47C578CDEB46C10DF80099
:2007AB003420D9233418D5210CC6347ED6282023FA0DC6CDEB46FA0EC6CDEB46AFCDEB4693
:2007CB00AFCDEB46210CC63600AF210DC622773E011801AF3333C98833040080023BF80052
:2007EB0077D53E0A110347CD3447D14FF800A647F8037E9028147B421BB020043EF0180B70
:20080B0079E6F02005CDBD0118D77933E133E9210CC636003E0A11F946CD3447F8065EAF22
:20082B0057F5333EFFCDE847C9E8E8F8113600F81F7ECB3FF816772A327EB7CAF649CD2E64
:20084B0002F81E7E0E0087CB1187CB1187CB1187CB1187CB116F6119E57DF81477E17CF8D7
:20086B001377210CC63600F8177E87F81477F8147EB7CA7949233600F8127EF81677F813E5
:20088B007EF81777F8157ED614CA6049F8165E2356CD400D21000039E52601E533F533CDEF
:2008AB004C37E804210000395D54CD5747B72803F81134F8117ED609C25349F81136003EE8
:2008CB000A110D47CD3447F81F4EAF470BF8145E16007B9120097A902005F8204E18020E7E
:2008EB0000213BDA710600213CDA36E4213DDA367F216A01094D44213EDA7922703E0E113B
:20090B0034DACD34473E02F5333E02117800CDE8474FE6F0280479C3F649AFF5333E021155
:20092B00B004CDE8474FE6F0280479C3F6493E0A11F946CD3447AFF5333EFF110A00CDE86C
:20094B0047F81077B7C2F649F815342334C28F482334C38F48F814352B2B2A5F5621200035
:20096B0019E57DF81477E17CF81377C37948F8117EB7286C3E0A110D47CD3447F8207EF8B6
:20098B001777113BDA127EF814223600213CDA36E4213DDA367FF8142A5F56216A0119E5F1
:2009AB007DF81877E17CF81732113EDA2A12137E123E0E1134DACD34473E02F5333E021116
:2009CB007800CDE8474FE6F0280379181EAFF5333E0211B004CDE8474FE6F0280379180BD5
:0E09EB003E0A110347CD3447F81777E818C9C4
:020000040000FA
:0E3A25008833020004000100E47F000000006E
:2018F9000110C60AEA15C6CD3739EA14C6022115C6AEE60FC8FA15C62F2114C6A6E60FEA3B
:0319190016C6C926
:20894D00110500D5110000D5110FC6D5CD6839E8062115C636002114C636002116C636008C
:06896D00210FC63601C90E
:04005800FBC31C19B1
:163A4900AF2117C60E03EF3E00EA17C6E0023E66E0013E80E002AE
:20191C00F5E5C5D50E01AFE0022117C67EFE022012F2F53336003E66E23E80E002CD03267D
:20193C0033182CFE012028F2FE55360028043604180CFA19C6FE022005773E5518023E6602
:1A195C00E23E80E0023E00EA19C63E01EA18C6D1C1E1F041E60220FAF1D971
:20020A003E01EA17C63E01E002F8027EE0013E81E002C93E02EA17C6AFE0023E55E0013EA0
:04022A0080E002C9A5
:04005000FBC376195F
:15197600F5E5C5D5CD921CCD4426D1C1E1F041E60220FAF1D9C6
:20198B00F045D6962033FAD1C7E043FAD3C7E042FA4AFFB7280BF04AD690D0F04A3DE045A4
:2019AB00C9F04BD607200CFA43DAB72006F040E6FDE040FA44DAE045C9F0452144DA9630A8
:2019CB001EF04BD6072012FA43DAB7200CF041CB4F20FAF040E6FDE040FA44DAE045C9F00C
:2019EB0041CB4F20FAAFE04BF040E6DFE040FA42DAB72006F040F602E0403E96E045C9F08B
:201A0B0045D6962015F040E6EFE040FAD1C7E043FAD3C7E0423E47E045C9F041CB4F20FA6D
:201A2B00F040F610E0403E96E045C92117C97EE04A7ED690300FFA15C9C607E04BF040F6C1
:201A4B0020E0401809AFE04BF040E6DFE040FA42DAB72808F040E6FDE0401806F040F602B5
:151A6B00E040FA89C6EA84C6FA8FC6EA8AC6FA95C6EA90C6C9E2
:020000040001F9
:1B400000F311331DCDB938118B19CDB938110A1ACDB938F040E6EFE040FBC944
:020000040000FA
:033A3300000096FA
:20C3F8003B3B210000360A2119C87EE6F077EA0040211AC63E0422AF770143446960233A1E
:20C418006EB52824696023235D541AF80022131A77211AC62A5F56E1E5195D54211AC67B11
:20C4380022720303030318D43333C993CB000E53CA300183CB020085CB020087CB020089F0
:20C45800CB02008BCB0100B9C52800E1C50800E9C51400FDC5080036C601003BC60200229E
:20C47800C614001FC5030077C5020037C54000B1C04404F5C40200F9C40200FFC401000171
:20C49800C50200BCD9020000000000E8F9F80222AF2222AF4F223600F8067EF8029630485C
:20C4B80023D52A5F56211AC62A666F19D1E57DF80577E17CF80432D52A5F56211AC62A66FD
:20C4D8006F19D13333E5F800AF96233E209E3013F805347E4FD60338050100001822AFF80B
:20C4F800032277F8063418B07912F8032A5F562100A019E57DF80777E17CF806322A4F462B
:20C51800E807C9E8F7F8005D54F80F7ECDA34478B1CAD945F8005E2119C87EE6F0577BE615
:20C538000FB277EA00405950FA6005F80577FA6105F80677FA6205F80777FA6305F8087780
:20C55800F8052A12132A12132A12137E1221040009E57DF80777E17CF806223643233644B0
:20C57800F8072A5F561A4F131A47B128542B2A5F5621020019E57DF80377E17CF802322AEE
:20C598005F2A571A22131A222A5F56F8032A666FE5CD450FF8012A5F561A4F131A47F80587
:20C5B8002A666F09E57DF80777E17CF806222A5F5621040019E57DF80977E17CF808771823
:20C5D8009FE809C9E8F7F8005D54F80F7ECDA344F807792270F8083AB6CAED46F8004621D3
:20C5F80019C87EE6F04F78E60FB177EA0040F8072A4F4659501AF80322131A22131A221391
:20C618001A772160052A4F2A472A5F56F8037E91200F237E90200A237E932005237E9228DA
:20C6380004AFC3ED46F8072A5F5621040019E57DF80777E17CF806223643233644F8072A89
:20C658005F561AF80122131A773AB62856F8072A5F5621020019E57DF80577E17CF804324B
:20C678002A5F2A571A4F131A5E23466967E54BF8032A5F56CD450FF8032A5F2A571A4F13BF
:20C698001A472A666F09E57DF80777E17CF806222A5F5621040019E57DF80977E17CF80870
:20C6B80077189AFA36C63C280EFA3BC6EA39C6FA3CC6EA3AC6181CAFE021AFE01CAFE017D2
:20C6D800AFE0123EC0E0233EC0E0193EC0E0143EFFE0253E01E809C93BF8005D54F8077E1B
:20C6F800CDA344597857B1281AF800462119C87EE6F04F78E60FB177EA0040AF12131213B8
:20C7180012131233C9E8F7F8005D54F80F7ECDA34478B1CABB47F800562119C87EE6F05F15
:20C738007AE60FB377EA004069605D541AF80122131A22131A22131A77216005545DF805F9
:20C758001A22131A22131A22131A77F8017EF805962018F8027EF806962010F8037EF8074D
:20C77800962008F8047EF808962803AF1835F8133AB6282D7EF80777F8137EF80832CB26BC
:20C7980023CB1603030303F8102A5E87CB13814F7B8847F8142A5F56F8072A666FE5CD4582
:06C7B8000F3E01E809C973
:020000040001F9
:2009F900E8F4F8142AD6ED7EDEFF563EFFCB7F2807CB7A2008BF1805CB7A2801373005017E
:200A1900EDFF182AF8142A4F465816003E13B93E0098CB7B2807CB7A2008BF1805CB7A284B
:200A3900013730050113001805F8142A4F46F8122AD6EF7EDEFF563EFFCB7F2807CB7A206F
:200A590008BF1805CB7A2801373009F8003EEF2236FF1837F8127EF80A77F8137EF80B3231
:200A79003E1196233E009E3E0057CB7E2807CB7A2008BF1805CB7A28013730051E11AF1853
:200A990005F8122A5F7EF800732377F8027922702A07E60177F8007EF80577F8017EF8062F
:200AB9007769602929290929E57DF80977E17CF80877110000E1E57B955F7A9CF80A32737F
:200AD900F804CB46203723AF96233E009E3E0057CB7E2807CB7A2008BF1805CB7A28013737
:200AF900381B01984BF8072A666F094D44F8092A666F094D440A4F3E4091C3954BF8067EED
:200B190007E601F80B77F804CB46201BF80BCB46201501984BF8072A666F094D44E1E50978
:200B39004D440AC6401855AF914F9F9047696029292909294D44F802AF96233E009E3E0006
:200B590057CB7E2807CB7A2008BF1805CB7A2801373818F80BCB46201221984B094D44E1AA
:200B7900E5094D440A4F3EC091181121984B094D44F8092A666F094D440AC6C0E80CC94007
:200B9900404040404040404040404040404040404000202D333638393A3B3B3C3C3D3D3DF6
:200BB9003D3D3E001320282D30333536373839393A3A3B3B3B000D1820262A2D303133347E
:200BD90035363737383839000A131A2025282B2D2F3032333435353637000810161B202422
:200BF90027292B2D2F30313233343400070D13181C202326282A2C2D2E3030313200060B66
:200C19001015191D20232527292A2C2D2E2F3000050A0F13171A1D20222526282A2B2C2DB6
:200C39002E0005090D1115181B1E2022242627292A2B2C0004080C101316191B1E20222475
:200C5900252728292A0004070B0E1114171A1C1E202223252627290003070A0D101316188E
:200C79001A1C1E202223252627000306090C0F121416191B1D1E2022232425000306090B8D
:200C99000E10131517191B1D1E20212324000305080B0D10121416181A1B1D1F2021230086
:200CB9000305080A0C0F11131517191A1C1D1F202100020507090C0E1012141617191B1CE6
:200CD9001D1F2000020507090B0D0F1113151618191B1C1E1F00020406080A0C0E101214FF
:070CF9001517181A1B1D1E40
:020000040000FA
:201A8000E8FAF8027B227A22010040AF227778B12845F8047EB1F80077F8057EB0F80177DD
:201AA000F805CB3E2BCB1EF8025D54F8001A1396231A9E3818F8022A5F56E1E57B955F7AF3
:201AC0009CF803327B22237EB1227EB077CB38CB19CB38CB1918B7F8047EE806C9000306B0
:201AE000090C101316191C1F2225282B2E313336393C3F414447494C4E515355585A5C5E1A
:201B000060626466686A6B6D6F70717374757678797A7A7B7C7D7D7E7E7E7F7F7F7F7F7F23
:201B20007F7E7E7E7D7D7C7B7A7A79787675747371706F6D6B6A68666462605E5C5A5855BD
:201B400053514E4C494744413F3C393633312E2B2825221F1C191613100C09060300FDFA7A
:201B6000F7F4F0EDEAE7E4E1DEDBD8D5D2CFCDCAC7C4C1BFBCB9B7B4B2AFADABA8A6A4A231
:201B8000A09E9C9A9896959391908F8D8C8B8A8887868685848383828282818181818181E7
:201BA0008182828283838485868687888A8B8C8D8F9091939596989A9C9EA0A2A4A6A8AB0D
:201BC000ADAFB2B4B7B9BCBFC1C4C7CACDCFD2D5D8DBDEE1E4E7EAEDF0F4F7FAFD00010117
:091BE0000000FFFF00804000C07E
:201BE900B7C02120C6347EE603772121C69620082121C6347EE603773E1C2120C6864F3EF8
:201C0900C6CE00477B02C9E8FDFA20C62121C6962874F32121C6347EE60377C61C4F3EC659
:201C2900CE00470AF80077FB7EE6034F060069602929097DC6224F7CCEC6F8017123322A85
:201C4900666F2323232A4F4678B1283AF8012A5F561A6F131A67B528032930ADF8002ACB2B
:201C690037E60F5F16002A666F23237ED52601E533F8045E2356D5C5F5331E0221F76FCDDA
:201C8900F539E8081883E803C9FAEAC73C2839FA3FC62137C6B64FFA38C691280821DBD9D6
:201CA900712138C671CD2A25B7201DFA3FC6EADBD9EA38C621DAD936642137C63600214062
:201CC900C6360021EAC736FFFA3EC6B7C0FA36C63CC8213DC6347EE603C0F0904F2136C61E
:201CE9007EE0907EEA0020213AC63AB6282FAFE021AFE01CAFE017AFE0123EC0E0233EC05C
:201D0900E0193EC0E0143EFFE0252A5F56FA36C6C5CDA505C1AF2139C622771805C5CD1490
:0A1D29000AC179E09021002071C981
:020000040001F9
:200D00002136C636FF21EAC736FFAF21EBC722773E80E0263EFFE0253E77E024AFE021AF41
:200D2000E01CAFE017AFE0123EC0E0233EC0E0193EC0E0143EFFE025213DC63600213EC6C5
:200D400036002137C63600213FC636002138C6360021DBD936002140C63600C9F8067EB7F4
:200D600028180E0079D6043022060069602929091122C619AF22770C18EA111400D51100E3
:200D800000D51122C6D5CD6839E806F32121C636002120C63600FBC9FA20C62121C696287C
:200DA0001DF32121C6347EE60377C61C4F3EC6CE00470A4FFB79E6044779E6F0B0C9AFC981
:200DC000EA3EC6B7C8AFE021AFE01CAFE017AFE0123EC0E0233EC0E0193EC0E0143EFFE0FD
:020DE00025C923
:0E401B002143C6361B2141C63E1B223687C9F3
:020000040000FA
:201D33002196C62A666F2A5F2AE045B7280416001804FAD3C757F041CB4F20FA7BEA43FF30
:1D1D53007AE042F045B7280C11040019547D2196C62272C92196C63E842236C6C9B8
:020000040001F9
:20402900111200D50137401184C6CD450FC9000F02000200001F0102020000000004100077
:020000040000FA
:201D7000E8F7FAC4C7EAC9C7FAC5C7EACAC7AF21CBC72277F090EAC8C721CAC73AB6CAE62E
:201D9000217EF80577FACAC7F806322A5F5621130019E57DF80977E17CF808322A5F561AD7
:201DB000B7205A2B2B2B2A5F56212300192A4F46F80779227021CCC73AB6280C2A5F562184
:201DD000230019792270180621C4C779227021C9C72A4F46212300094D4421C6C72A0203AC
:201DF0007E02FAC9C7EAC6C7FACAC7EAC7C7F8077EEAC9C7F8087EEACAC7C3891D4F0DF8A2
:201E1000072A666F7121C9C72A4F46211D00097E2133DAA6203821090009347E21C9C72A1A
:201E30005F56210900194D440AF80777210B00197EF80877F8072A9620146B627EE601200A
:201E500008210A00197E021805F8077E3D0221C9C72A4F46696023E57DF80777E17CF8063E
:201E7000322A5F2A571A22131A77210500092A4F46F8072A666F094D44F8052A666F792219
:201E90007021C9C72A4F4621030009E57DF80777E17CF806322A5F2A571A22131A772107AE
:201EB00000092A4F46F8072A5F567B915F7A98474BF8052A666F7922702133DA4EFAC9C750
:201ED000F80077FACAC7F80177CB41C22720D1D56B6223E57DF80777E17CF80677D1D5216C
:201EF0000C0019E57DF80977E17CF80877AFF533110000D5F8085E235623D55E2356D51EA9
:201F10000121DA4ACDF539E807F806792270FAC9C7F80077FACAC7F80177F8073AB6CA27A4
:201F3000202A5F56212F00194D440A4FD1D5212200195D541AA1CA2720F8062A5F5621259D
:201F500000194D440AF808777EB7285F2B2B2A5F56212D00194D442A666F29304ED1D521F0
:201F70002100195D541AF80022AF22792270F8062A5F5621260019E57DF80677E17CF805E8
:201F9000322A5F2A571A22131A77D1D5D53E01F533F8052A5F56D5F80B2A5F2A57D57EF52D
:201FB000331E0221F76FCDF539E808FAC9C7F80077FACAC7F801322A4E6F617E0FE60120C1
:201FD00056D1D5212300192A4F46F80779227021CCC73AB6280C2A5F5621230019792270B0
:201FF000180621C4C779227021C9C72A4F46212300094D4421C6C72A02037E02FAC9C7EADD
:20201000C6C7FACAC7EAC7C7F8077EEAC9C7F8087EEACAC7C3891DD1D56B6223E57DF809CE
:2020300077E17CF808322A5F3A571A22131A77CB3E2BCB1E23CB3E2BCB1E23CB3E2BCB1EF3
:2020500023CB3E2BCB1E2A7721D1C74EF8087E91C608F80277D1D521030019E57DF809777D
:20207000E17CF808322A5F3A571A22131A77CB3E2BCB1E23CB3E2BCB1E23CB3E2BCB1E2307
:20209000CB3E2BCB1E2A7721D3C74EF8087E91C608F803323EA0963807233E9096D24D21E5
:2020B000D1D521230019E57DF80977E17CF808322A5F561AF80122131A322A23322A2377EE
:2020D00021CCC73AB628277EF80577FACCC7F806322A5F5621230019E57DF80977E17CF8E3
:2020F00008322A5F56F8012A12137E12180CF8017EEAC4C7F8027EEAC5C7FAC9C7F80577E3
:20211000FACAC7F806322A5F5621230019E57DF80977E17CF808322A5F5621C6C72A121373
:202130007E12FAC9C7EAC6C7FACAC7EAC7C7F8037EEAC9C7F8047EEACAC7C3891DD1D521E3
:202150001000194D440AE0900AEA0020D1D5211100192A4F46FA07C5F80477D1D521140063
:20217000195D541AEA30DA030303F807792278322A5F561AF80522131A77D1D52109001985
:20219000E57DF80977E17CF808322A5F561A6F2600294D44F8052A666F092A4F46212EDA91
:2021B0007922702131DA3600F8033A472A235F507ECD080F2107C5867721C9C72A4F46214D
:2021D000CBC7792270212300095D541A21C9C722131A77C3891DFAC8C7E090EA0020E80966
:2021F000C9E8FDFAC4C7EAC9C7FAC5C7EACAC7AF21CBC72277F090EAC8C721CAC73AB6CAC1
:202210003B232A4F466960232A666FCB3CCB1DCB3CCB1DCB3CCB1DCB3CCB1D7D21D1C75E56
:2022300093C608F8007769602323232A666FCB3CCB1DCB3CCB1DCB3CCB1DCB3CCB1D7D2133
:20225000D3C75E93C608F801323EA0963806233E90963060212300095D541AF80122131AC1
:2022700077F8012A4F4621CCC73AB628122A5F56212300195D54F8012A12137E12180CF860
:20229000017EEAC4C7F8027EEAC5C721C9C72A5F56212300195D5421C6C72A12137E12FA27
:2022B000C9C7EAC6C7FACAC7EAC7C721C9C7792270C30A22211000095D541AE0901AEA00E0
:2022D00020211100092A6E5F55FA07C5F80277211400097EEA30DA6B622323232A666F79B2
:2022F000C6094F3001040A4F0600CB21CB10092A4F46212EDA7922702131DA3600F8013AC4
:20231000472A235F507ECD080F2107C5867721C9C72A4F4621CBC7792270212300095D54F2
:162330001A21C9C722131A77C30A22FAC8C7E090EA0020E803C960
:20897300AF21C6C72277AF21C4C722770198C679D65178DEC7D0212300095D5421C6C72A38
:2089930012133A12792270212500094D4418E0E8ECFAC6C7F80077FAC7C7F801773AB6CAF4
:2089B300B64DF81A4E0600696029290929092909E57DF81477E17CF813771151C73A6E67B7
:2089D300194D44D1D5210C0019E57DF81377E17CF812322A5F56211700E5CD450FF8133613
:2089F300023EE0F81D9638237ED6A03806F813360318183E60F81D963006F8133600180BB5
:208A1300F81D7ED6203804F8133601C1C5F81E7EE6016F0AE6FEB502C1C5F81E7E0FE60117
:208A330007E6026F0AE6FDB502D1D5210900195D54F8117EF80277F8127EF80377D5F813B5
:208A53002A5F5621090019D14D44F8137E87814F3E0088470A12D1D5210A00195D540A12BF
:208A7300D1D5210B00195D54030A3C12F8112A5F56211300192A4F7EF812712377C1C50322
:208A9300F81B7EF81077F81C7EF811322A5F561AF80E22131A3259502A12137E12F8047969
:208AB3002278220303792270F8102A666F23232A4F46F8062A666F79227011DD1AF81D6E37
:208AD3002600194D440AF80877F81D7EC6405F21DD1A1600197EF80977F8084E79079F4749
:208AF300696029092909290929092909290929094D44CB28CB19CB28CB19CB28CB19CB2833
:208B1300CB19CB28CB19CB28CB19CB28CB19F8095E7B079F576B6229192919291929192904
:208B33001929192919E57DF81277E17CF811327EF80A77F8117EF80B77CB2E2BCB1E23CB17
:208B53002E2BCB1E23CB2E2BCB1E23CB2E2BCB1E23CB2E2BCB1E23CB2E2BCB1E23CB2E2BB9
:208B7300CB1EF8123EFF96233E009E3071F8042A5F561A6F131A675950195D7CF81073234B
:208B930077F8042A5F56F8102A12137E12F8062A5F561AF81022131A327EF80C77F8117E89
:208BB300F80D77F80A7EF80E77F80B7EF80F322B2B2A5F2A572A666F7B955F7A9CF8113250
:208BD30073F8062A5F56F8102A12132A122A5F5621FF007B955F7A9CF81332731884AFF828
:208BF30012B6CAF14CF8042A5F561AF81022131A222A775EF8087ECDA90DF80E792270F81C
:208C13000E7EF80B77F80F7EF80C77CB2E2BCB1E23CB2E2BCB1E23CB2E2BCB1E23CB2E2B87
:208C3300CB1E23CB2E2BCB1E23CB2E2BCB1E23CB2E2BCB1EF8107EF80D77F8117EF80E77A2
:208C5300F80B2A4F2A472A666F094D44F8042A666F792270F8062A5F561AF81122131A2204
:208C73005EF8097ECDA90DF80F792270F80F7EF80C77F8107EF80D77CB2E2BCB1E23CB2E44
:208C93002BCB1E23CB2E2BCB1E23CB2E2BCB1E23CB2E2BCB1E23CB2E2BCB1E23CB2E2BCBDB
:208CB3001EF8117EF80E77F8127EF80F77F80C7EF81277F80D7EF81377F80E2A5F56F81282
:208CD3002A666F7B955F7A9CF81132732A23322A2377F8062A5F56F8122A12137E12F8024C
:208CF3002A5F56211200194D440AF81277F81D7EF81377D1D5210500194D4411DD1AF8137C
:208D13006E2600195D541A57C5F8145E7ACDA90D5950C1CB2ACB1BCB2ACB1BCB2ACB1BCB7F
:208D33002ACB1BCB2ACB1BCB2ACB1BCB2ACB1B69607B22720303F8137EC6405F21DD1A1685
:208D5300001956C5F8145E7ACDA90D5950C1CB2ACB1BCB2ACB1BCB2ACB1BCB2ACB1BCB2A9A
:208D7300CB1BCB2ACB1BCB2ACB1B7B02037A0221C7C73AB628112A4F46212300095D541A99
:208D930021C6C722131A77D1D5212300194D4421C4C72A02037E02F8007EEAC4C7F8017EFB
:068DB300EAC5C7E814C97F
:16022E00F040CB772808180AF040CB5F2004110098C911009CC990
:020000040001F9
:200DE200F8093AB7C8573A5F3A6E67C515281C444D3E20856F8C9567E5D5F041E60220FAC2
:1D0E02002A02031D20F4D1E11520E4E5F80E56E1F041E60220FA7A221D20F5C1C9FB
:020000040000FA
:20234600F0904F21E0C77ED60730034618020607FA22C5E090EA0020C5FA2BC5F53321236F
:20236600C52A5F56D53E01F533C533FADFC767FADEC76FE5CD5824E807C121DEC77E807751
:2023860021E0C77E907779E09021002071C947F0904FFA22C5E090EA00203E17212BC59619
:2023A600300416171804212BC556C5FA2BC5F5332123C56EFA24C567E53E01F533D5C53382
:2023C600CD5824E807C179E09021002071C947F0904FFA22C5E090EA0020C5FA2BC5F53352
:2023E6002123C56EFA24C567E5F8077EF5331601D5C533CD5824E807C179E0902100207114
:20240600E133E9F0904F21DDC77ED60730034618020607FA22C5E09021002077E09077C575
:20242600FA2BC5F5332123C52A5F56D50E01C5FADCC767FADBC76FE5CD5824E807C121DC09
:12244600C77E807721DDC77E907779E09021002071C99A
:20C7BE00AF21D1C72277AF21D3C72277AF21D5C72277AF21D7C7227721D9C7360021DAC792
:20C7DE0036001E0321E847C3F53921E0C7360021DDC7360021CDC73EFF22367F21CFC73EEC
:20C7FE00FF22367F2133DA3600C93B3B2113C52AC6B04F7ECEFF472115C52AC6B85F7ECEDA
:20C81E00FF57CB78280501000018183333C5D511D5C7F8021A1396231A9ED1300621D5C7FA
:20C83E002A4F46CB7A280511000018183333D5D511D7C7F8021A1396231A9ED1300621D712
:20C85E00C72A5F56FACDC7EAE5C7FACEC721E6C777CB2E2BCB1E23CB2E2BCB1E23CB2E2B98
:20C87E00CB1EFACFC7EAE1C7FAD0C721E2C777CB2E2BCB1E23CB2E2BCB1E23CB2E2BCB1E50
:20C89E0021E7C7792270CB2E2BCB1E23CB2E2BCB1E23CB2E2BCB1E21E3C77B2272CB2E2B35
:20C8BE00CB1E23CB2E2BCB1E23CB2E2BCB1E21CDC779227021CFC77B2272FAD9C7F80022D7
:20C8DE00079F77E1E5097DEAD1C77CEAD2C7FADAC74F079F47798321D3C722788A77118492
:20C8FE00C6CD1949B72011118AC6CD1949B720081190C63333C319493333C9E8F1F80D7B54
:20C91E00227A322A4F46030AF80A77F80D2A5F5621050019E57DF80D77E17CF80C222A5FD9
:20C93E0056210300193333E5F80A7EB7CA884AF80D2A4F4603030A4FD67F2007AFF80522BB
:20C95E00771830CB792817AF914721D1C72A4E04180387CB110520FAF8052271181521D16F
:20C97E00C72A475E0C1804CB2BCB180D20F9F805782273F8054EF80B2A666F71F8052A4F9E
:20C99E002A47CB38CB19CB38CB19CB38CB197121E7C72A4F460BF8072A77F80D2A5F5621A4
:20C9BE00040019E57DF80B77E17CF80A7721E5C77E91201E237E902019F8082AC6154F2A88
:20C9DE005F561A47D1D51A6FC55D3379CDD423C3844A21E7C72A5F566B6223E57DF80D7755
:20C9FE00E17CF80C77FAE5C7F80B96204EFAE6C7F80C962046F8077EF80B22AF322A5F568B
:20CA1E002101007B955F7A9CF807327B22CB7E2807AFF80B2277180CF8087E3DF80C773A2C
:20CA3E0022079F77F80B3A2B4F2A5F561A47D1D51A6FC55D3379CDD423182BFAE5C721E7F0
:20CA5E00C7962009FAE6C721E8C7962819F8092A5F561A47D1D51AC533F533010000F807C3
:20CA7E002A5F56CDC24DAFC3AF4D21D1C74EF80B2A666F7121E7C72A5F562101007B955FB6
:20CA9E007A9CF80B3273FAE7C7F80C7721E3C72A5F562101007B955F7A9CF8033273FAE3C9
:20CABE00C73DF804322A2307E601322A2322079F77FAE5C7F80A96C27B4BFAE6C7F80B9627
:20CADE00C27B4BF80C7EC615F80822D1D51A772A23223600F80B5D54F8021A1396231A9E09
:20CAFE001A57CB7E2807CB7A2008BF1805CB7A2801373E0017F80A77B7280CF8027EF80B0D
:20CB1E0077F8037EF80C77F80CCB7E28062BAF2277181BF80A7EB72808F8047EF80C7718F7
:20CB3E0006F8097EF80C77F80C3A22079F77F80B4EF8057EB728051100001804F8062A5FF6
:20CB5E0043C559F80A7ECD7A4EC1C533F8097EF5331E01210144CDF539E1C37E4C21E7C724
:20CB7E002A4F460321E5C77E91C2444C237E90C2444CF80BCB7E28040E001806F80C7E3DC1
:20CB9E004F07F8087922D1D51A772A23223600F80B5D54F8021A1396231A9E1A57CB7E287C
:20CBBE0007CB7A2008BF1805CB7A2801373E0017F80A77B7280CF8027EF80B77F8037EF846
:20CBDE000C77F80CCB7E28062BAF2277181BF80A7EB72808F8047EF80C771806F8097EF8A2
:20CBFE000C77F80C3A22079F77F80B2A77F8057EB72807AFF80A2277180CF8067EF80A77AF
:20CC1E00F8077EF80B77F80A2A225EF8087ECD7A4EF80B7EF533F8097EF5331E012101446B
:20CC3E00CDF539E1183AFAE5C721E7C7962009FAE6C721E8C79628282136C57E3D2005D14A
:20CC5E00D51A18023EFF2615E533F53321D3C72A4F4621D1C72A5F56CDC24D3E01C3AF4D09
:20CC7E0021E3C72A5F562101007B955F7A9CF808327321E7C72A4F3A470B5EFAE3C7F809C9
:20CC9E00777B3DF80C322B7807E60122233A22079F77FAE1C7F807962037FAE2C7F80896FB
:20CCBE00202FF80A7EB7280423AF2277F80B2A77F8092A23C613772A5F7ECD584EF80B2A50
:20CCDE00F5337EF5331E01210A43CDF539E1C3954D21E3C72A4F460321E1C77E91205F2353
:20CCFE007E90205AF80A7EB7280423AF2277F80B2A32D1D51A77F805223600F8075D54F82D
:20CD1E00051A1396231A9E1A57CB7E2807CB7A2008BF1805CB7A2801373806F8092A233DB2
:20CD3E0077F80B2A47C5587ECD584EC1C533F80D7EF5331E01210A43CDF539E11839FAE1E3
:20CD5E00C721E3C7962009FAE2C721E4C79628272136C57E3D2005D1D51A18023EFF2615C2
:20CD7E00E533F53321D3C72A4F4621D1C72A5F56CDC24D3E01181AFA33DA0F3812FADDC7F8
:20CD9E00B72803CD0924FAE0C7B72803CD46233E01E80FC91E0321E847CDF5391E0321082B
:20CDBE0048C3F539E8FCF80279227021E0C7360021DDC736003333D5F801CB2E2BCB1E23D6
:20CDDE00CB2E2BCB1E23CB2E2BCB1EC1C50BCB7828040E001806F8007E3D4F07F80179222F
:20CDFE002A4F46CB28CB19CB28CB19CB28CB19F8067E5F079F576B6209CB7C28040E00188A
:20CE1E000679F806864F07410E00F8077E912825FA2CC590281FC558F8037ECD9423C1C58F
:20CE3E00C533F8047EF5331E01210A43CDF539E1C10C0418D5E804E1F1E957FAE0C7B72895
:20CE5E0007D5CD4623D118F37B212CC596D021DEC77221DFC77321E0C73617C9474BFADD1A
:20CE7E00C7B72807C5CD0924C118F321DBC77021DCC771FA2CC50600591600936F789A4739
:20CE9E005816003E15BD3E0098CB7B2807CB7A2008BF1805CB7A28013730043E151804FA20
:07CEBE002CC591EADDC7C994
:013A3600008F
:20245800F8022A474EF8087EF80496EAE9C78616005F79210000CB3F300119CB23CB12B796
:2024780020F478856F8C9567545DF8062A666F19444DF8022AE61F577EE61F5FF8053A66E5
:202498006F1836F8022A4F2A47F090F52AE090EA00202A232396EAE9C72B2B2AE61F572AC4
:2024B800E61F5F2A6E67CDC824F1E090EA0020C9E5F040CB772809180CE5F040CB5F2005A4
:2024D800210098180321009CC5CB33CB037BE60384473EE0A3824FE1D1D5C5F041E602207C
:2024F800FAFA45DA86022379E6E05F793CE61FB34F1520E7FAE9C7856F8C9567C1D11DC8F3
:12251800D578E6FC5F3E20814F8891E603B347C518C953
:20252A0021EBC72A5FB6C85621EDC7AFB6280235C9626BF0905FFAEAC73CC83DE090EA000D
:20254A0020160F7ECB37A2EAEDC72AA257CAF2252A47E607FE053862FE072858F0254FE69E
:20256A00BBE025AFEA1AFF2AE0302AE0312AE0322AE0332AE0342AE0352AE0362AE0372AC9
:20258A00E0382AE0392AE03A2AE03B2AE03C2AE03D2AE03E2AE03F78FE0620133E80E01AC8
:2025AA003EFEE01B3E20E01CAFE01D3EC7E01E79E025183021000055182F4F878781C6109A
:2025CA004FCB2030022AE20CCB2030022AE20CCB2030022AE20CCB2030022AE20CCB2030B3
:1925EA00022AE20C15C25A25147DEAEBC77CEAECC77BE090EA00207AC9EA
:20CEC500E8EAF8004D445950211400E56CE5D5CD6839E8063EB902F8013601C5CD6E0EE195
:20CEE5003EE4E0493EE4E0483EE4E047AFE042AFE043F040F81477F040E6FDE040F040E6B0
:20CF0500DFE040F040F601E040F040F680E0401100007AD60E282721000039AFFE142806F9
:20CF250073231C3C18F6D521020039E5211401E5D533AFF533CD0F3AE806D11418D4595062
:20CF4500211400E56CE5D5CD6839E806F81EAF96233E209E30051100001819F81E2A5F564A
:20CF6500CB3ACB1BCB3ACB1BCB3ACB1BCB3ACB1BCB3ACB1BF815737EB728053E8096306649
:20CF8500C5F8227EF533F81F2A5F56D5AF0FF5CD8F14E805C13E9902F8013600C5CD6E0E55
:20CFA500E1F8157EB728047EC68077F81C2A5F5621001019E57DF81E77E17CF81D77F815C0
:20CFC5007E87C5F82266E533F81F5E2356D5672E00E5CD8F14E805C13E9902F8013601C5C1
:20CFE500CD6E0EE11826F8157E87C5F82266E533F81F5E2356D5672E00E5CD8F14E805C1FA
:20D005003E9902F8013600C5CD6E0EE1F8232A5F2A57CB3ACB1BCB3ACB1BCB3ACB1BCB3A29
:20D02500CB1B7BC566E533F8245E2356D5672E00E5CD8F14E805C1F8282A5F2A57CB3ACBED
:20D045001BCB3ACB1BCB3ACB1BCB3ACB1B7BC566E533F8295E2356D5672E80E5CD8F14E812
:20D0650005C13EA102F8013600C5CD6E0EE1F8147EE0405950211000E56CE5D5CD6839E801
:20D0850006C5AF3CF5CDF437E804AF672E12E53E14F533AF0FF5CD1539E8053EB902F8019A
:0AD0A5003600C5CD6E0EE1E816C995
:20260300210FC87EB72829352110C82A4F46F8027E022110C83420022334210FC87EB7C23D
:202623001D022110C836EF2336C72112C83601C9F8027EEA0FC82110C836EF2336C7C31DE8
:2026430002FA17C6D604201F21EEC736002113C83600210FC836002110C836EF2336C721BA
:2026630017C636001E00C9FA18C6B72838FA13C8B7282D2118C63600FA13C83D20052119E7
:20268300C636022114C86EFA15C867462114C83420022334C533CD0A02332113C83518054E
:0826A3002116C836011E01C911
:020000040001F9
:2040490021EEC73600210FC8360001EFC72110C87922702112C836002113C836002114C802
:094069007922702116C83600C945
:020000040000FA
:200244002181051803219305FA35C55F8783856F8C9567F090F52AE090EA00202A666FE747
:07026400F1E090EA0020C95F
:20D0AF002112C936002113C936002114C936FFC9011AC8F8065EAF6B67292929095D5421EA
:20D0CF000700197E0FD0210400194D44210500192A666F0A47110100D53E01F53311000007
:20D0EF00D5E5C5331E0221F76FCDF539E808C9F8087EB720142B2B7E2112C996200BF8071B
:20D10F007E2113C9962002AFC9F8073A577E5FD51E0321B153CDF539E147F8067EEA12C969
:20D12F00F8077EEA13C9783C280EC5331E0321BF50CDF539333E01C9AFC9E8F6F8127EF85E
:20D14F000877F8137EF809322A5F561A4F131A475950CB3ACB1BCB3ACB1BCB3ACB1BCB3A5A
:20D16F00CB1BF8102A4F460A6F079F6719CB3CCB1DCB3CCB1DCB3CCB1DE57DF80277E1696A
:20D18F0060237E6F079F67195D54CB3ACB1BCB3ACB1BCB3ACB1BF80173F8082A666F2323C7
:20D1AF002A665F54CB3ACB1BCB3ACB1BCB3ACB1BCB3ACB1B696023237E6F079F6719CB3C48
:20D1CF00CB1DCB3CCB1DCB3CCB1DE57DF80477E10303030A6F079F67194D44CB38CB19CBD9
:20D1EF0038CB19CB38CB19F803792236000E00FA46DA9128676926002929295D54211AC84B
:20D20F0019E57DF80777E17CF806322A5F2A571A47322B2A5F2A2357131A5F73F8052A6600
:20D22F006F23237E803DF80977F8052A666F2323237E834705F8097EF800963819237EF8CE
:20D24F000796381278F80296380C237EF808963805F8047E18080CF8047118933EFFE80A2B
:20D26F00C9E8FCF80C5E2356D5F80C5E2356D51E03214951CDF539E804F800770E00FA1444
:20D28F00C9F800963E012801AFF80177F80E7EB7200AF8017EB72804AFC3AE53F8007E3CBD
:20D2AF003E012801AF5FF8002A2347AFCB208FCB208FCB208F702377FA14C93CCA64537B27
:20D2CF00B72007F801CB46C26453CB43203D111AC8F8022A666F195D54210700197E0F30BF
:20D2EF002A210400194D44210500192A6E5F550A010100C52601E533010000C5D5F5331EAA
:20D30F000221F76FCDF539E8080E01111AC82114C96EAF67292929195D5421070019CB4E67
:20D32F00282A210400194D44210500192A666F0A47110200D53E01F533110000D5E5C5331C
:20D34F001E0221F76FCDF539E8080E01F8007EEA14C979184AF8007EEA14C9CB43203F114A
:20D36F001AC8F8022A666F195D54210700197E0F302C210400194D44210500192A666F0AB8
:20D38F0047110100D53E01F533110000D5E5C5331E0221F76FCDF539E8083E011801AFE8A5
:20D3AF0004C9E8F8F80036000E00FA46DA91CA3D5469AF672929297DC61A5F7CCEC8571A36
:20D3CF00476B62237EF801776B6223237E803DF802321313131A8623233D77F80E5E160052
:20D3EF0013F8047B227A2278223600F8045D54F8061A1396231A9E1A57CB7E2807CB7A206F
:20D40F0008BF1805CB7A280137381CF8027EF80E963814237EF80196380D23237EF80F96EA
:13D42F003805F8007E18090CF80071C3B9533EFFE808C9DC
:013A3700008E
:2055AE0021E0DF11F0DF1A22131A22131A22131A22131A22131A22131A22131A22131A2269
:2055CE00131A22131A22131A22131A22131A22131A22131A2213FA23C922222222222222AD
:2055EE00222222222222222222C9F8022AB711FFFFC85F7ACB3F1D20FB5E1C1804371FCB1E
:20560E001A1D20F95FC9F8022AB711FFFFC85F7ACB271D20FB5E1C18043717CB121D20F958
:02562E005FC952
:20026B0000000103070F1F3FF806F090F53AE090EA00203A573A5F3A6E673E08F51A4FFAFD
:20028B0030CAA94F131A47FA30CAA84713FA2FCACB272834381ACB3FCB3F3004CB39CB3815
:2002AB00B72825CB39CB38CB39CB383D20F51818CB3FCB3F3004CB21CB20B7280BCB21CBDF
:2002CB0020CB21CB203D20F5FA2ECAA677FA2ECA2FA1B622FA2ECAA677FA2ECA2FA0B62279
:2002EB00F13D2098F1E090EA0020C9F8053A4F3A5F3A6E6779B72824F041E60220FA7B225F
:1D030B000D28191C4105280CF041E60220FA7B220D0520F41CF041E60220FA73C970
:2026AB000E00FA17C92118C99628363E6B2119C9864F3E02CE00470A2133DAA62021FA1929
:2026CB00C9B70E0228020E01FA17C92118C99630082117C97E817718062117C97E91770E52
:2026EB0001FA15C92116C99628363E6B2119C9864F3E02CE00470A2133DAA62021FA19C931
:20270B00B70E0228020E01FA15C92116C99630082115C97E817718062115C97E91770E01E1
:20272B0079B7C0FA1AC9B7C0FA21C9B72818FA15C606002F4F782FFA14C6A1E63028072194
:20274B0022C936011808FA33DA211BC9A6C01E0121FF59CDF5394FFA22C9B72006FA20C933
:20276B00B72006FA1AC9B728E579B7C8FA44CA3CC82143CA4E2145CA2A5F562144CA463E8E
:20278B00042140C696D821EAC736FF2140C63604FA37C66F0F3007AFE0123EC0E014CB4DD6
:2027AB002807AFE0173EC0E019CB552803AFE01CCB5D2807AFE0213EC0E0233EFFE02521E1
:1827CB0037C67121EAC736FF21EDC7360021EBC77B227221EAC770C989
:205630002131CA3600213BCA3600016E050AEA3ACA216F052A4F46FA3ACAF533110800D5D8
:205650001132CACD3B15211DC93600211EC93600211FC936002121C936012123C93600AF22
:205670002123CA2277212DCA36002129CA36CC212ACA3600212BCA36CC212CCA3600211826
:20569000C936902117C936902116C936002115C936002119C93601211AC936012120C93684
:2056B00001211BC93600CD2E02213CCA7B2272212100194D7C2127CA7123772125CA712386
:2056D00077CD2E02213ECA7B22722140CA36142141CA36082142CA36C92144CA36FF1E0180
:2056F00021F756CDF539C90604C53311EC6BD53E09BFF5CD8F14E8050605C53311C640D5E2
:2057100021CB01E5CD8F14E80501E0DF5950211000E56CE5D5CD6839E806C521C901E5CDE7
:20573000F437E8045950211000E52EFFE5D5CD6839E806C521CA01E5CDF437E804C9F809FC
:205750007EB7C8CD2E02F8074EAF69672929292929194D44F8066E2600094D445950C5F86A
:205770000A7EBFF5D5CDF602E804C1F80935C83E01F8099630255E1D7BB7281F212000092F
:205790004D447950C5D5F80C66E53326C3E5335FD5CDF602E804D1C11D18DD212000094D62
:2057B00044F808662EC6E5C5CDF602E804C9FA2DCAB72814FA2ACAEA2CCAFA29CAEA2BCA99
:2057D0002129CA34200236CC212DCA36002123C94E0600112000D5C511E0DFD5CD6839E8D8
:2057F00006C9F8067EEA29CAEA2BCAF8077EEA2ACAEA2CCA212DCA36002123C94E06001197
:205810002000D5C511E0DFD5CD6839E806C9E8FD4FFA32CA0F3019213ACA462134CA2A6658
:205830006F1133CA1AA1855F3E008C5778CD21152138CA2A46692600292929295D546F605A
:2058500019E57DF80377E17CF802772132CA46FA3ACAF80077CB48CAB059CB502805FA2362
:20587000C91801AFEA30CA2136CA2A46815F78CE0057F8007ECD211541FA31CAB7205BFABA
:205890002DCAEA2FCAC5FA2DCA47C5CDF855E1C1212ECA73C5D5FA3ACAF533F8062A666F57
:2058B000E521E0DFE5CD7302E805D1C1212DCA7E814F3E08B9D2535996F680EA2FCA212E4C
:2058D000CA72C5FA3ACAF533F8042A5F56D511F0DFD5CD7302E805C118693E08212DCA96C7
:2058F0005F799330047B9118047993CBFFEA2FCAC5FA2DCAF533C533CD1456E1C1212ECA50
:2059100073C5D5FA3ACAF533F8062A666FE521E0DFE5CD7302E805D1C1FA2DCA804F3E08D6
:205930009130203E1091EA2FCA212ECA72C5FA3ACAF533F8042A5F56D511F0DFD5CD730297
:20595000E805C1212DCA7E807711E0DFD53E01F533FA29CAF533CDF437E8043E07212DCA9A
:2059700096303ACDAE55212DCA7EC6F877FA2ACAEA2CCAFA29CAEA2BCA2129CA3420023642
:20599000CCFA2DCAB7281211E0DFD53E01F533FA29CAF533CDF437E8043E01184FAF184C8B
:2059B000FA2DCAB72814FA2ACAEA2CCAFA29CAEA2BCA2129CA34200236CCF8002AF5332A79
:2059D0005F56D53E01F533FA29CAF533CD8F14E805FA2ACAEA2CCAFA29CAEA2BCA2129CAA6
:2059F00034200236CC212DCA36003E01E803C93BFA22C9B7200C211CC97EB7280535AFC3EC
:205A1000345E2124CA3AB6206C3E6B2120C9864F3E02CE00470AEA1BC9FA3BCAEA49CAFAAE
:205A300023C9EA4ACAFA31CAEA4BCAFA21C9EA4CCAFA20C9EA4DCA2123CA36242336C9FA2C
:205A50001DC90F382DFA3CCAC621EA27CAFA3DCACE00EA28CAFA31CA3D200B2127CA7EC6BC
:205A700011227ECE0077FA27CAEA25CAFA28CAEA26CACDBE572123CA6EFA24CA674E3E0D50
:205A900091DAD05D0600219D5A090909E9C3C75AC31B5BC33F5BC3A15BC3F45BC3C85DC346
:205AB000775CC3DC5CC3F95CC3285EC3165DC33A5DC3D05DC3515DAF2123CA2277211AC95C
:205AD0003601FA3BCA2149CA962824213BCA4E060069602909016E05097EE5EA3ACAE12323
:205AF0004E2346F533110800D51132CACD3B15FA4ACAEA23C9FA4BCAEA31CAFA4CCAEA21AC
:205B1000C9FA4DCAEA20C9AFC3345E2123CA34200223342123CA2A4F460A3DE607EA20C935
:205B3000C66B4F3E02CE00470AEA1BC9C3285E2123CA34200223342123CA2A4F460A3D216F
:205B500049CA774E060069602909016E05094D44FA32CAF800770AEA3ACA6960234E23464E
:205B7000F533110800D51132CACD3B15212DCA7EB7CA285EE5F802CB4EE1CA285EFA32CA19
:205B9000CB4FC2285E2125CA34C2285E2334C3285E2123CA34200223342123CA6EFA24CA48
:205BB000674E06000B79213CCA86234F788E472123CA34200223342123CA6EFA24CA676E36
:205BD00026002B2929292929094D7C2127CA7123772125CA712377FA2DCAB7CA285ECDBE0A
:205BF00057C3285E2123CA34200223342123CA6EFA24CA674E59AF5791CB7B2807CB7A2057
:205C100008BF1805CB7A28013730010D2123CA34200223342123CA6EFA24CA676E5DAF5756
:205C300095CB7B2807CB7A2008BF1805CB7A28013730012D79079F477D079F67292929296A
:205C500029094D44792125CA86234F788E472127CA7922702125CA792270FA2DCAB7CA28D1
:205C70005ECDBE57C3285E2122C97EB728083600FA14C6EA15C62121C936002123CA3420A8
:205C9000022334FA20C9B7CA285EFA15C606002F4F782F47FA14C61E00A14F7BA0472123E2
:205CB000CA2A5F561A1E00A14F7BA0B1280FFA4CCAEA21C9FA14C6EA15C6C3285E2123CA2C
:205CD0002A5F3A571B7B2272AFC3345E2123CA34200223342123CA2A4F460A0F3003AF18D1
:205CF000023EFFEA23C9C3285E2123CA34200223342123CA2A4F460A0F3003AF18023E015A
:205D1000EA31CAC3285E2127CA2AC6204F7ECE00472125CA7922702127CA792270FA2DCA18
:205D3000B7CA285ECDBE57C3285E2123CA34200223342123CA2A4F460AE607EA48CAC328BB
:205D50005E2125CA2AC6204F7ECE0047213ECA2A5F562141CA6EAF672929292929197DE6D2
:205D7000E06F2B7D917C98302DFA42CA67FA41CA6FE5FA40CAF533213ECA5E2356D51E0431
:205D900021E24DCDF539E805FA27CAEA25CAFA28CAEA26CA18172127CA2AC6204F7ECE0045
:205DB000472125CA7922702127CA792270FA2DCAB72865CDBE5718602123CA34200223340A
:205DD0002123CA6EFA24CA677ECD1E58B72829212BCA4E2125CA2A5F5679CDEB0DFA31CA99
:205DF000B7200A2125CA34200F2334180B2125CA2A5F3A571B7B2272FA2DCAB7280E212949
:205E1000CA4E2125CA2A5F5679CDEB0D2123CA34200223343E01180C2123CA34C2855A2309
:205E300034C3855A33C9E8F4F8157EF80877E5CB56E12805F8177E18023E01F809772A23E3
:205E5000777EF800223600D1D52101007B955F7A9CF80B327B222B2A4F466960290929338D
:205E700033E5F8122A5F56E1E519E57DF80C77E17CF80B77F8147EF533110600D5F80D2AB1
:205E90004F46210500395D54CD3B15F8033A477E26CB68E5F533CDF40DE803F8082A23E6E4
:205EB00002223600CDF918CDAB260EC0F092912007214ADA36DF1805214ADA36C02107C555
:205ED0003600CD11161E03210848CDF539CD9C10CDF1211E28FA07C5CD770DFA4ADAE092B6
:205EF0002133DA34CDBD01FA15C60E002F5F792F57FA14C60E00A35F79A257CB532805F89C
:205F1000064E1847CB5B2805F8074E183ECB4B2805F8044E1835CB432805F8054E182CCB59
:205F3000632819F8167EF80996200CF8087EE6014FB72803AF186CF8097E1867CB6BCAB4E3
:205F50005EAFF80AB6CAB45EAF185879B7CAB45EF80971F8033A4626C4E533F533C533CD89
:205F7000F40DE803060069602909294D44F8122A666F094D4479C6FA4F78CEFF47F8147E29
:205F9000F533110600D5210500395D54CD3B15F8033A4626CBE533F533C533CDF40DE80353
:205FB000C3B45EE80CC93BF8074E79E601F800770600F8007EB72814FA15C92116C99620EB
:205FD00009FA17C92118C99628020601CB492808FA1AC9B7200206012115C65E160021145F
:205FF000C66E26007B2F5F7A2F577DA35F7CA2CB512806CB6320020601CB592806CB6B2048
:20601000020601CB612805B32002060178B7284EC5CDAB26C11EC0F092932007214ADA36D4
:20603000DF1805214ADA36C02107C53600C5CD11161E03210848CDF539CD9C10CDF1211E3A
:2060500028FA07C5CD770DC1FA4ADAE0922133DA34CDBD01C5CDF918C178B7C2C05F33C943
:053A5F00214ECA3600F3
:208DB900E8E5F8217EF80277F8227EF803322A5F56211000193601F8232A4F46CB21CB10FF
:208DD900CB7E281EF8022A5F5621080019E57DF81B77E17CF81A322A5F561A6F131A67093E
:208DF90018042193CB097D4CF81922793201B1C02A5F561A5F16006B622919292919292963
:208E1900094D7CF8047123322B2B2A5F5621120019E57DF80877E17CF807322A5F3A2B2BA4
:208E3900571A4F2A5F566B6223E57DF80A77E17CF80977F8192A5F5621060019E57DF80C44
:208E590077E17CF80B77F8192A5F5621020019E57DF80E77E17CF80D77F8042A5F562106C5
:208E79000019E57DF81077E17CF80F77F8192A5F5621040019E57DF81277E17CF81177F81E
:208E9900082A5F5621020019E57DF81477E17CF8137779B7C2E251F8042A4F3A470AE6BF08
:208EB900025E2356D51E01212346CDF539E1F8082A5F561A4F131A4779E6F04F3A6E677984
:208ED9002270F8122A5F561A4F131A4779E6F04F3A6E67792270F80A2A5F561ACB57280D17
:208EF900F8062A5F561AF6034F3A6E6771F80A2A5F561A4FF8062A5F561AF81A77CB41289C
:208F19000DF81A4ECBC1F8062A666F71180BF81A4ECBC9F8062A666F71F80A2A5F561AF859
:208F39001877E5CB4EE1CAFB50F8122A5F561AF81922131A77F8082A5F561A4F131AF8004E
:208F5900712377F8197EF81577F81A7EF81677E52323CB46E1CA2B50F80C2A5F561A4F1304
:208F79001A475950F8007E932005237E922836F8007B96237A9E30043E0118023E02F533D6
:208F9900C5F8115E2356D5F81A5E2356D5F8075E2356D51E0121854DCDF539E809F80C2AA9
:208FB900666F792270F8122A5F3A2B2B571A4F131A472A5F561AF81722131A22792270F8E5
:208FD900172A4F2A477E912006237E90CAFB50F819799623789E3004060318020604F80C3E
:208FF9002A5F561A4F131AC533F8185E2356D5F8115E2356D5F81E5E2356D547C51E01216C
:20901900854DCDF539E809F8102A666F792270C3FB50F8102A5F561AF81722131A322A237B
:20903900322A2377F8157EF819962008F8167EF81A962840F8195D54F8151A1396231A9EBE
:2090590030043E0318023E04F533F8185E2356D5F8115E2356D5F81A5E2356D5F8075E234F
:2090790056D51E0121854DCDF539E809F8102A666F792270F8082A5F561A4F131A47F80CDC
:209099002A5F561AF81622131A22792270F8162A4F2A477E912005237E902846F81879964A
:2090B90023789E30043E0118023E02F81A77F8102A5F561A4F131A47F81A7EF533F8175E1F
:2090D9002356D5F8115E2356D5C5F81F5E2356D51E0121854DCDF539E809F80C2A666F7972
:2090F9002270F8082A5F561AF81522131A77F80C2A5F561A4F131A47F8157EF818322B7EC3
:20911900F81977F8062A5F561AF81A322B7E912005237E90280DF81A4ECBF1F8062A666F95
:2091390071180BF81A4ECBC9F8062A666F71F8122A5F2A23571A22131A77F8102A5F561A08
:209159004F131A47F8157EF818322B7EF81977F8062A5F561AF81A322B7E912005237E906A
:20917900280DF81A4ECBF9F8062A666F71180BF81A4ECBC1F8062A666F71F8082A5F561A99
:209199004F131A47F80C2A5F561A6F131A677D917C98300DF8062A5F561AF6044F3A6E6745
:2091B90071F8122A5F3A2B2B571A4F131A472A5F561A6F131A677D917C98300DF8062A5FEC
:2091D900561AF6084F3A6E6771F8042A4E6F617E0707D29552F8082A5F561AF81722131A59
:2091F90077F80C2A5F561A4F131AF8175E235623477BE68022727B917A98301CF8177EE6C4
:209219007F2815F8192A5F56218000194D44F80C2A666F792270180CF80C2A5F56F8192AEE
:2092390012137E12F8122A5F561AF81722131A77F8102A5F561A4F131AF8175E23562347BB
:209259007BE68022727B917A98301CF8177EE67F2815F8192A5F56218000194D44F8102A7A
:20927900666F792270180CF8102A5F56F8192A12137E12F8042A4F460AE6BF02F8062A5F07
:20929900561AF81A77E6414FF8042A5F56210F0019E57DF81677E17CF8157779D641C29D6B
:2092B90054E5F81CCB56E13E0320023E01EA4ECAF8142A5F2A571A77FA4ECAF81777F80863
:2092D9002A4F46F8172A2259501A22131A77F8175EAF6B672911DD1B1956C5F8185E7ACDC9
:2092F900A90D5950C1F8192A666F195D5469607B2272030359501AF81922131A322B5EAFF0
:209319006B672911DD1B192356C5F8185E7ACDA90D5950C1F8192A666F195D547B02037A30
:2093390002F80A2A5F561ACB4FCAFF53AFF533F8055E2356D5F80B5E2356D5F8135E2356D0
:20935900D51E0121DA4ACDF539E80778B1CAFF53F8142A5F561AF81A77FA4ECAC602E6033B
:20937900F81977F8082A4F46F8197EF815222359501A22131A225EAF6B672911DD1B1956F8
:20939900C5F81C5E7ACDA90D5950C1F8172A666F195D5469607B22720303F816792278320D
:2093B9002A5F2A571A22131A77F8154EAF69672911DD1B19234EF81A5E79CDA90DF8182A6E
:2093D900666F094D44F8162A666F792270F8062A666F3600F8045E2356D51E0121F545CDCB
:2093F900F539E1C35257F8062A5F561ACB672022F6104FF8062A666F713E01F533FA4ECA32
:20941900F533F8065E2356D51E01215446CDF539E804FA4ECAD6032023F8082A5F561AF881
:209439001922131A77F80C2A5F561A4F131A47F8192A5F5669607D937C9A3029FA4ECA3DED
:209459002042F8082A5F561AF81922131A77F80C2A5F561A4F131A47F8192A5F5669607BCD
:20947900957A9C381FF8082A666F792270F8062A5F561AF6024F3A6E677977E6BE4FF80699
:209499002A666F71F8062A5F561A4FE682D682C21757CB593E022001AFEA4ECAF8142A5F42
:2094B9002A571A77FA4ECAF81777F8082A4F46F8172A2259501A22131A77F8175EAF6B6758
:2094D9002911DD1B1956C5F8185E7ACDA90D5950C1F8192A666F195D5469607B2272030380
:2094F90059501AF81922131A322B5EAF6B672911DD1B192356C5F8185E7ACDA90D5950C196
:20951900F8192A666F195D547B02037A02F80A2A5F561ACB4FCA7956AFF533F8055E235603
:20953900D5F80B5E2356D5F8135E2356D51E0121DA4ACDF539E80778B1CA7956F8142A5F32
:20955900561AF81A77FA4ECAC602E6034FF8087EF81877F8097EF81977F81171F8182A5FC8
:20957900561AF81222131A77F8167922AF323A2B22AF32CB2623CB162B2A5F5621DD1B196F
:20959900E57DF81877E17CF817322A5F561A77F81A5EF8177ECDA90DF816792270F8163ADA
:2095B9002B77F8173A2B322A5F56F8122A666F19E57DF81877E17CF817222A5F56F8162ABB
:2095D90012132A122A5F5621020019E57DF81877E17CF817322A5F561AF81422131A77F8AC
:2095F900117EF81822AF32CB2623CB1611DD1B3A6E6719E57DF81477E17CF813322A5F562C
:209619006B6223E57DF81A77E17CF819322A5F561A223A5F7ECDA90DF819792270F8197E56
:20963900F81277F81A7EF813322A5F2A572A666F19E57DF81B77E17CF81A77F8162A5F2A0E
:2096590023572A12137E12F8062A666F3600F8045E2356D51E0121F545CDF539E1C35257FB
:20967900F8062A5F561ACB6F2022F6204FF8062A666F713E01F533FA4ECAF533F8065E236B
:2096990056D51E01215446CDF539E804FA4ECAD6022023F8122A5F561AF81922131A77F8C6
:2096B900102A5F561A4F131A47F8192A5F5669607D937C9A3029FA4ECAB72042F8122A5FCF
:2096D900561AF81922131A77F8102A5F561A4F131A47F8192A5F5669607B957A9C381FF838
:2096F900122A666F792270F8062A5F561AF6014F3A6E677977E67D4FF8062A666F71F806DB
:209719002A5F561AE6C02018F8062A666F3600F8045E2356D51E0121F545CDF539E11819F7
:20973900F8022A5F3A571A4F131A4779C6FD4F78CEFF472A666F712370E81BC9F8082A4FC0
:2097590046CB21CB10CB7E280FF8062A5F56210800192A666F0918042193CB094D440A4FAE
:20977900060069602909292909292911B1C019CBF6C9F8082A4F46CB21CB10CB7E280FF8FF
:20979900062A5F56210800192A666F0918042193CB095D5401B1C01A5F16006B62291929F3
:2097B90029192929095D5479932009789220051AE6FB12C96B62CB9ED51E0121CB41CDF5EF
:2097D90039E1C9F8082A4F46CB21CB10CB7E280FF8062A5F56210800192A666F0918042123
:2097F90093CB095D5401B1C01A5F16006B6229192929192929095D5479932009789220054D
:209819001AF60412C96B62CBDED51E01216A40CDF539E1C9E8FBF80D2A4F46CB21CB10CB2D
:209839007E280FF80B2A5F56210800192A666F0918042193CB095D5401B1C01A5F16006B6D
:209859006229192929192929094D7CF800712377D1D5212800194D440AF80277B72839D1BC
:20987900D5212B00194D44233A07302CD1D521290019E57DF80577E17CF804322A5F561AE1
:209899006F131A67AFF533C5E5F8077EF5331E0221F76FCDF539E806E805C9F8082A4F4681
:2098B900CB21CB10CB7E280FF8062A5F56210800192A666F0918042193CB094D440A4F068D
:2098D9000069602909292909292911B1C019012B00092ACB7EC0F5331E02215D71CDF53992
:2098F90033C9F8082A4F46CB21CB10CB7E280FF8062A5F56210800192A666F091804219356
:20991900CB094D440A4F060069602909292909292911B1C0194D44AFF533F80B7EF533C551
:209939001E01215446CDF539E804C9E8FCF80A2A5F2A572A4F46CB21CB1021080019333366
:20995900E5F80DCB7E280AD1D51A6F131A670918042193CB097D4CF8022271F80E2A4F46FE
:20997900CB21CB10CB7E280BD1D51A6F131A67094D18052193CB094D6946F8022A5F561ADE
:209999005F16006B622919292919292911B1C0195D542110001970211200194D7887446F1C
:2099B9002600094D44030A3C46F533C533D51E01215245CDF539E808C9E8FAF80E2A4F4618
:2099D900CB21CB10CB7E280FF80C2A5F56210800192A666F0918042193CB097D4CF8002273
:2099F9007101B1C0D1D51A5F16006B6229192929192929094D7CF8027123322A4F4603E135
:209A1900E523232A6E5F557B02037A02F8022A5F5621030019E57DF80677E17CF80577D12B
:209A3900D5210400192A4F46F8042A666F792270E806C9E8FCF80C2A4F46CB21CB10CB7EC7
:209A5900280FF80A2A5F56210800192A666F0918042193CB097D4CF800227101B1C0D1D57B
:209A79001A5F16006B6229192929192929094D7CF802712377C1C503033A6E67232A6E5FE6
:209A9900557B02037A02D1D5210400194D44F8022A666F2323232A6E5F557B02037A02E855
:209AB90004C9E8FCF80A2A5F2A572A4F46CB21CB10210800193333E5F80DCB7E280AD1D597
:209AD9001A6F131A670918042193CB095D5401B1C01A5F16006B6229192929192929094DCF
:209AF9007CF802712377F80E2A4F46CB21CB10CB7E280CD1D51A6F131A67094D4418062127
:209B190093CB094D44F8022A5F56210500195D541A5F16007B02037A02E804C9E8FCF80A45
:209B39002A5F2A572A4F46CB21CB10210800193333E5F80DCB7E280AD1D51A6F131A6709A3
:209B590018042193CB095D5401B1C01A5F16006B6229192929192929094D7CF802712377F3
:209B7900F80E2A4F46CB21CB10CB7E280CD1D51A6F131A67094D4418062193CB094D44F837
:209B9900022A5F56210500195D541A5F21E51B1600195E16007B02037A02E804C9E8FAF813
:209BB9000C2A4F462112000933335D54D51AB7C24A5CF80E7EF80277F80F7EF80332CB26C8
:209BD90023CB16F80FCB7E281C210800095D541AF80422131A77F8042A5F56F8022A666F41
:209BF900195D7C180B1193CBF8022A666F195D7CF804732377E13601E5F8042A5F561A5F83
:209C190016006B622919292919292911B1C0195D542103C57B22722105C53601C5F8122AEA
:209C3900F5332A5F56D51E02213449CDF539E803C1FA05C5D63C200CE13600E5AF2103C534
:209C59002277181A2110000936012105C53469602A66C6FA5F7CCEFF577B02037A02E8068E
:209C7900C9F8082A4F46CB21CB10CB7E280FF8062A5F56210800192A666F0918042193CB3A
:209C9900094D440A4F060069602909292909292911B1C0194D44210600095D54F80A7E126B
:209CB900210700095D54F80B7E12210800095D54F80C7E12210900094D44F80D7E02C93B52
:209CD9003BF80A2A4F46CB21CB10CB7E280FF8082A5F56210800192A666F0918042193CB64
:209CF900094D440A4F060069602909292909292911B1C0194D44210A00097EC5F80E66E5B6
:209D190033F8105E2356D5F5331E02219141CDF539E804C1212200095D54F80C7E1221238B
:209D390000095D54F80D7EF80077F80E7EF801322A12137E1221120009C5E5110000D5F80C
:209D5900122A5E2356CD4417C121060009C5E5F8102AF5335E2356D51E0221E441CDF539AD
:209D7900E805C1211200095D54211000097E876F2600195D54131A3C56F533D533C51E01BE
:209D9900215245CDF539E806C93B3BF80A2A4F46CB21CB10CB7E280FF8082A5F56210800BA
:209DB900192A666F0918042193CB095D5401B1C01A5F16006B6229192929192929094D44AD
:209DD9003333C5F80E2A4F2A4703035EAF6B6729292929094D44D1D5210A00195D541AF87F
:209DF9000C862366E533C5F81466E533F533CDAB14E807C9F8082A4F46CB21CB10CB7E2865
:209E19000FF8062A5F56210800192A666F0918042193CB094D440A4F060069602909292912
:209E390009292911B1C019010E00094D44F80A7E02C9F8082A4F46CB21CB10CB7E280FF821
:209E5900062A5F56210800192A666F0918042193CB094D440A4F06006960290929290929A7
:209E79002911B1C019010F00094D44F80A7E02C9F8082A4F46CB21CB10CB7E280FF8062AE2
:209E99005F56210800192A666F0918042193CB094D440A5F16006B62291929291929291119
:209EB900B1C01903030AF533E51E0121A845CDF539E803C9F8082A4F46CB21CB10CB7E280F
:209ED9000FF8062A5F56210800192A666F0918042193CB094D440A5F16006B62291929291E
:209EF90019292911B1C0190303C5E51E0121E345CDF539E1C15F16007B02037A02C9E8FD6F
:209F1900F80B2A4F46CB21CB10CB7E280FF8092A5F56210800192A666F0918042193CB0951
:209F39004D440A4F060069602909292909292911B1C0194D44211200093333E52122000971
:209F59007EF80277212300092A6E5F55C5F8022A666FE5F8112A666FE5F8087ECD4417C169
:209F7900211200095D54211000097E876F2600195D54131A3C56F533D533C51E01215245B2
:209F9900CDF539E807C9E8FBF80B2A5F2A572A4F46CB21CB10210800193333E5F80ECB7EA3
:209FB900280AD1D51A6F131A670918042193CB095D5401B1C01A5F16006B622919292919BA
:209FD9002929094D7CF802712377F80F2A4F46CB21CB10CB7E280AD1D51A6F131A67091853
:209FF900042193CB097EE5F80677E123232A4F46F8022A5F56210A00195D541AC5F80666ED
:20A01900E533C5F5331E02219141CDF539E804C1F8022A5F56212200195D54F8047E126B8A
:20A03900622379582273F8022A5F56211200195D54C5D5110000D5F80A7E5950CD4417C1B4
:20A05900F8022A5F56210600195D54D5F8067EF533C51E0221E441CDF539E805F8022A5F0E
:20A0790056211200194D44F8022A5F56211000195D541A876F2600094D44030A3C46F53339
:20A09900C533F8045E2356D51E01215245CDF539E809C93B3BF80A2A4F46CB21CB10CB7E34
:20A0B900280FF8082A5F56210800192A666F0918042193CB094E06006960290929290929B0
:20A0D900297DC6B14F7CCEC0F800712377F80D4ECB412810D1D5F80C7EE60107E6026F1AD0
:20A0F900E6FDB512CB492812D1D5F80C7E0FE6010707E6046F1AE6FBB512CB512811D1D50D
:20A11900F80C7E0F0FCB37E6106F1AE6EFB512CB592815D1D5F80C7E0F0F0FE601CB3707C3
:20A13900E6206F1AE6DFB512CB612812C1C5F80C7ECB37E6010FE6806F0AE67FB502333324
:01A15900C93C
:020000040001F9
:200E1F00E8FAF80C7EF80077F80D7EF80177D1D5211000193601F80E2A4F46CB21CB10CB6F
:200E3F007E281BD1D521080019E57DF80677E17CF805322A5F561A6F131A670918042193B2
:200E5F00CB094D44211BC57EE6FC7759501AF80222131A770303FA13C5F80296202FFA14EE
:200E7F00C5F80396202759501AF80422131A77FA15C5F804962016FA16C5F80596200EF807
:200E9F00117EE603211BC54EB177C36F4FFA33DAF810A6C25B4FF8025D542113C51A13963B
:200EBF00231A9E1A57CB7E2807CB7A2008BF1805CB7A280137300D2113C52A5F3A571B7B7B
:200EDF00227218271113C5F8021A1396231A9E1A57CB7E2807CB7A2008BF1805CB7A2801FF
:200EFF003730082113C5342002233469602A4F462115C5799623789E7857CB7E2807CB7A67
:200F1F002008BF1805CB7A280137300D2115C52A5F3A571B7B227218232115C52A917E9886
:200F3F005678CB7F2807CB7A2008BF1805CB7A28013730082115C53420022334D1D51A4F6E
:200F5F00131A4779C6FB4F78CEFF47E1E5792270E806C9F8082A4F46CB21CB10CB7E280F5B
:200F7F00F8062A5F56210800192A666F0918042193CB094D4459501A2113C522131A770371
:200F9F000359501A2115C522131A77211BC57EE6FC771E03210848C3F539E8FAF80E7EB733
:200FBF0028172B2B2A4F46210800092A4F4621A3C02A5F567B02037A02FAA3C0F80477FAA4
:200FDF00A4C0F80577F80C7EF80077F80D7EF80177D1D5210800192A666F2A4F46F8042A6A
:200FFF005F3A2B577B915F7A983273F80F2A4F4659501AF80422131A77F8025D54F8041A89
:20101F001396231A9E307C0303F804792278322A5F561A4F131ACB412828CD16377BE60FDF
:20103F004F593E0A5791CB7B2807CB7A2008BF1805CB7A280137300479C6F64F79C6FBEA7A
:20105F00D9C7F8042A5F561A4F131ACB492828CD16377BE60F4F593E0A5791CB7B2807CB5A
:20107F007A2008BF1805CB7A280137300479C6F64F79C6FBEADAC7D1D52110001936011E6C
:12109F0000180C21DAC7360021D9C736001E01E806C956
:020000040000FA
:20D44200F8087EEA42DAB72807F040F602E040C9F040E6FDE040C9FA14C62115C6962807BE
:20D46200FA14C6F808A6C0F8062A4F4621100009360169602A665F541B1B7B02037A02C93B
:20D4820001B9C5F8087E3D5F077BE6076F26005D54292919094D4459501313F8092A120328
:20D4A20003032A5F567B02037A02C901E1C5F8085E7BB7C8CB432804F8097E02CB3B0318E5
:20D4C200F001E1C5F8085E7BB7C8CB432802AF02CB3B0318F2F8082A4F46CB21CB10CB7E90
:20D4E200280FF8062A5F56210800192A666F0918042193CB094D44F80A5E2110C616001911
:20D502005E16007B02037A02C9F8084E79E601CB492813B728081E04213945C3F5391E0418
:20D52200219F44C3F539B728081E04215345C3F5391E0421BC44C3F53901E9C5F8087E3DA3
:20D542005F077BE6036F26005D54292919094D4459501313F8092A120303032A5F567B0243
:20D56200037A02C901FDC5F8087E3D5F077BE6036F260029094D44F8097E02037E02C901F3
:20D58200FDC5F8087E3D5F077BE6036F260029093600C901FDC5F8087E3D5F077BE6036FC5
:20D5A200260029094D44037E02C9E8FAF80C2A5F2A572A4F46CB21CB10210800193333E531
:20D5C200F80FCB7E280AD1D51A6F131A670918042193CB097D4CF8022271F8102A4F46CB6F
:20D5E20021CB10CB7E280BD1D51A6F131A67094D18052193CB094D44F804792270F8122A27
:20D602004F46CB21CB10CB7E280AD1D51A6F131A670918042193CB095EFA2BC5CDD90DF8CE
:20D62200042A5F561A26006F095D542122C54E7B2123C586235F7A8E5779CD21150600F8E1
:20D64200022A666F712370E806C9E8FCF80A2A5F56F8112A4F46CB21CB1021080019E57D14
:20D66200F80477E17CF80377F812CB7E280DF8022A5F561A6F131A670918042193CB097DBE
:20D682004CF8002271F80C2A4F46CB21CB10CB7E280EF8022A5F561A6F131A67094D18053F
:20D6A2002193CB094D44F80F2A5F561313F8027B2272D1D51A6F131A67292929295D54F82A
:20D6C200022A666F195D540AF80E66E533D5F81666E533F533CD8F14E809C9E8F9F80D7ED8
:20D6E200F80277F80E7EF80377F80F2A4F46CB21CB10F8022A5F56210800193333E5F810C6
:20D70200CB7E280AD1D51A6F131A670918042193CB097D4CF8042271F8112A4F46CB21CB45
:20D72200107ECB7F280BD1D51A6F131A67094D18052193CB094D44F8135ECB432820FA14C0
:20D74200C62115C6962817F8042A666F3E012236002114C65E16007B02037A02184CCB4BB9
:20D762002825C51E0421984DCDF539C1F80677B728152B3A6E673E02223600F8065E160004
:20D782007B02037A021823F8022A5F56211000193601F8022A5F561A4F131A4779C6FA4FB8
:20D7A20078CEFF473A6E67792270E807C9F8087EB72807F040F604E040C9F040E6FBE04061
:20D7C200C9E8F6F8135EFA2BC5CDD90DF8127E1600815F7A88472122C54E7B2123C5862350
:20D7E2005F788E5779CD2115F80071F8157EF80877F8167EF80977F8187E07E601F8017794
:20D80200F8102A5F56F8177EF80277F8187EF80332CB2623CB16D5F80A2A5F56210200197F
:20D82200D1E57DF80677E17CF8057721080019E57DF80877E17CF80777FA35C5D605C2DD11
:20D842005879D680302C3E09F813963008F808AF2236801806F808AF223690F8004E06009B
:20D862006960292929294D44F8082A666F094D441813790E00C6806F79CEFF672929292957
:20D882004D7CC68847F8017EB72818F8062A5F2A571A22131A322A5F56F8022A666F195DC9
:20D8A2007C180B1193CBF8022A666F195D7C6B672A666F292929295D54F8042A666F195DD6
:20D8C2007CF8087323775950F8147EF533011000C5F80B4E2346CD5D15184BF8017EB728DA
:20D8E20014F8062A5F561A4F131A47F8022A666F094D44180B0193CBF8022A666F094D44B0
:20D902000A6F2600292929294D44F8042A666F094D44F8147EF533C53E01F533F8047EF54F
:20D9220033CD8F14E805E80AC9FA19C8E6DF4FF8087EB7280BCBE92119C87121004071C981
:20D942002119C87121004071C9F80A2AF5332A5F56D5F80C3A575ED5CD8F14E805C9E8FBDE
:20D96200F80D2A4F46CB21CB10CB7E2810F80B2A5F56210800192A666F094D18052193CB84
:20D98200094D440AF80377F8102A4F3A2B4703037EF533210100395D54CDFF14F8002A4F39
:20D9A2002A477E585779CD2115F8007EF80477F8012A665F54131379F80466E533D5F53310
:0BD9C200F8077EF533CD8F14E80AC98A
:020000040001F9
:2010B1003BF8092A4F46CB21CB10CB7E280FF8072A5F56210800192A666F0918042193CB1A
:2010D100094D44F0FFF800777EE6F7CDCC00C5F80D7EF5331E04211A48CDF53933C15F169A
:2010F100007B02037A02F8007E33C3CC0033C93BF8092A4F46CB21CB10CB7E280FF8072A44
:201111005F56210800192A666F0918042193CB094D44F0FFF800777EE6F7CDCC00C5F80F6C
:201131003A573A5FD57EF5331E04213448CDF539E803C15F16007B02037A02F8007E33C3B6
:04115100CC0033C9D2
:020000040000FA
:20032800F36202021E630201000000005A6102029C610201B434020659630205862A0204B0
:20034800E4630202FC6102037B6202010000000066640206B72B020622660208CE68020280
:200368007C6802029A690201C8690204296A0204DB2C020093650202F5650202ED6A0200FB
:20038800556A020467670208F96A02042C6B0204606B0204A26B0204CE6B0204FA6B020424
:2003A800396C0203426C02044E6C02027A6C0208FF6C02000E6D0200216D0202636D0204D7
:2003C800DE6D0204E26A0201596E020243690202223502036451040955510401B94D020227
:2003E8008B570202FB580203DC57020244590204D2590202B65B02057A5C0206D85C02057D
:20040800A25D02084C5A020200000000BB5A02040D5E02034B5E0203AC600204302803017A
:20042800CD5903021A5A030200000000345A0302C45A0303E15B0304415B03062F5C0304DF
:200448004B590305000000004A5D0301E95D0302795D0305085B0305B05D030660590305D2
:200468004254030159540301AD540302D754030382540304655E03090B5503013B5503044B
:2004880066550302AC5503064C560308DD560305AF570301C3570307C35403017060010385
:2004A800BD600100DF6001014B610101000000001D610104516101054461010237560400B3
:2004C800AD560400BB560400C6560400CF560401E156040500000000000000001F4E0404F9
:2004E800724F04028155030195550301B4580202895E0202896E0206C36E02064755040092
:200508004F550403B6550403145604012053040200000000E32701002B59030174540403CC
:20052800B554040400000000CD5E0202175F0204005A0301355B02049F5F0204555702024F
:18054800E6510405825204054F5F0304B1500403005104052D580202DE
:020000040001F9
:20115500F8087EF5331E0321F046CDF53933C9E8FCF80A2A5F2A572A4F46CB21CB102108C6
:2011750000193333E5F80DCB7E280AD1D51A6F131A670918042193CB097D4CF8022271F8B8
:201195000E2A4F46CB21CB10CB7E280BD1D51A6F131A67094D18052193CB094D44F811CB07
:2011B5007E28042BAF2277C5F8142A5F56D5F8142A5F56D5F81A7EF5331E03211D47CDF598
:2011D50039E8074F0600F8022A666F792270E804C9E8FCF80A2A5F2A572A4F46CB21CB104E
:2011F50021080019E57DF80477E17CF80377F80DCB7E280DF8022A5F561A6F131A6709185A
:20121500042193CB097D4CF8002271F80E2A4F46CB21CB10CB7E280EF8022A5F561A6F1359
:201235001A67094D18052193CB094D44D1D51AF80222131A770A5F21DD1A1600194EF81006
:201255005E3E079347041802CB290520FB79079F47D5F8042A5F56CDBA0DD11C1804CB2824
:20127500CB191D20F9E1E5792270E804C9E8FCF80A2A5F2A572A4F46CB21CB102108001901
:20129500E57DF80477E17CF80377F80DCB7E280DF8022A5F561A6F131A670918042193CB78
:2012B500097D4CF8002271F80E2A4F46CB21CB10CB7E280EF8022A5F561A6F131A67094D65
:2012D50018052193CB094D44D1D51AF80222131A770AC6405F21DD1A1600194EF8105E3E9B
:2012F500079347041802CB290520FB79079F47D5F8042A5F56CDBA0DD11C1804CB28CB193C
:0B1315001D20F9E1E5792270E804C911
:020000040000FA
:206070003B3B213FC63600FA37C6EADBD9EA38C6F80B2A4F3A2B477EF8007759502A77FA68
:2060900036C6F80096200C213BC67E912005237E9028172136C636FF213BC67B2272213997
:2060B000C67B2272F8017EEA36C63333C92136C636FFAFE021AFE01CAFE017AFE0123EC07D
:2060D000E0233EC0E0193EC0E0143EFFE025C9F8087EEA3FC64F0F3007AFE0123EC0E01424
:2060F000CB492807AFE0173EC0E019CB512803AFE01CCB592807AFE0213EC0E0233EFFE09D
:2061100025792137C6B6EADBD9EA38C6C90122C6F8087EE6036F26005D54292919094D4413
:2061300059501313F8092A120303032A5F567B02037A02C9F8084E79C34D08F8087EE02435
:20615000C93B3BF80E7EF80077F80D3A2B5E23562B2B4EF801327E2140C696385421EAC754
:2061700036FFF8007EEA40C6FA37C6470F3007AFE0123EC0E014CB482807AFE0173EC0E097
:2061900019CB502803AFE01CCB582807AFE0213EC0E0233EFFE025F8017EEA37C621EAC770
:1461B00036FF21EDC7360021EBC77B227221EAC7713333C947
:020000040001F9
:20132000E8F2F8147EF80077F8157EF80122C1C503030A77F8177EF80D777EE601F8037747
:20134000F80D7EE602F80477F80D7EE604F80577D1D51AF80C22131A327EF80677F80D7E13
:20136000F80777F8047EB7280A11A0DFF80C7B227218081144C6F80C7B2272F80C7EF80821
:2013800077F80D7EF80977F8167EF80A77F8067EF80B77F8077EF80C223600F80A7EB7CA06
:2013A0006754E5CB46E1CA4854F80B7EF80677F80C7EF80777FA17C8B720073E01F80D96B6
:2013C0003018F8082A5F56F8027EF533010800C5F8092A4F46CD3B15185BF8062A5F56F853
:2013E0000D7EB72808F80D7E3D28311848F8027ECD211541F8047EB7280D2141C671F8034C
:201400007EB7280379E047F8057EB728282142C670F8037EB7281E78E0481819F8057EB738
:201420002813F8027ECD21152143C671F8037EB7280379E049F80B2A5F5621080019E57DD8
:20144000F80D77E17CF80C77F8082A5F5621080019E57DF80A77E17CF80977F80D34F80A2C
:201460007ECB3F77C39B53F80B4E2346E1E5712370E80EC9F8092A4F46CB21CB10CB7E2881
:201480000FF8062A5F56210800192A666F0918042193CB094D442106000956210400097EAF
:2014A000D533F533C5F80C7EF5331E0221A249CDF539E805C9E8FAF80E4E06006960292959
:2014C00009290929090151C7094D7CF803712377211FC5462120C52A666F111D00195D5466
:2014E000C5334B42210100395D54CDFF14F8102A4F46F8032A5F56F80F7EF533211700E510
:20150000CD3B15F8032A5F56210400194D44F8007EF80577F8012A665F54C5FA31C5F53302
:20152000F8087ECD8C154FF8032A5F56210800195D54792131C59630092179C50600097E58
:201540001801AF12E806C921006036003601C93BF8092A4F46CB21CB10CB7E280FF8072AD8
:201560005F56210800192A666F0918042193CB094D44F80B7EE603C608F80077FA19C8E6CF
:20158000F05FF8007EE60FB3EA19C8EA00402100A05E1600F8007ED60B20142119C87EE6C3
:2015A000F0F60C77EA0040FA00A00F300216017B02037A0233C9F8082A4F46CB21CB10CB5D
:2015C0007E2810F8062A5F56210800192A666F094D18052193CB094D692A4F46F80A7EE661
:2015E00003C6085F2119C87EE6F0577BE60FB277EA00402100A0717BD60BC02119C87EE697
:20160000F0F60C77EA00402100A07EE60E5F78E601B377C9F8084E2119C87EE6F0F60C7736
:20162000EA004079B728082100A07EE6BF77C92100A07EF64077C9011FC52177C52A5F5626
:20164000210300E5CD450F01B2C02177C52A5F56131313210400E5CD450F2177C52A4F4631
:201660002107000901B6C00A772177C57EC608227ECE0077C9218DCB3602218ECB36032165
:201680008FCB36012177C52A4F4679582190CB2273030303110400D511B2C0CD450F21778C
:2016A000C52A4F46210700097EEAB6C0C92177C57EC6F8227ECEFF77C375562177C53637F9
:0F16C0002336C5C375562177C536372336C5C9BE
:020000040000FA
:2027E3003BF090F80077F8072A4F46595013131AE0901AEA002069602A666FE5CD6E0EE19A
:2028030069602A666F7EE6075F16007B87CB1287CB1287CB1287CB12855F7A8C577B020341
:0D2823007A02F8007EE0907EEA002033C9C2
:020000040001F9
:2016CF002147DA360FF8087E21EEC777D602CA1D02C9E8F1FAEEC7B720082147DA360FC36E
:2016EF00C059FA47DAD60F20052147DA3600FA47DAF800773E20F81B963E0017F80177F8D7
:20170F00187E07E601F80277F8157EF80377F8167EF80477F8172A4F46CB21CB10FA47DA19
:20172F00F602F80577FA47DAF604F80677F81A7E07E601F80777F8197EF80877F81A7EF822
:20174F000932CB2623CB16F8007EE601F80A77F8032A5F5621080019E57DF80D77E17CF825
:20176F000C77F8007EE602F80D77F8007EE604F80E77F8007EE6085FFAEEC73D280BFAEE56
:20178F00C7D602CA7D58C37F59F80A7EB72069F8017EB72804F81B36202112C83600211676
:2017AF00C83600F8027EB7280EF80B2A5F561A6F131A67094D18052193CB094D44F81B5EBB
:2017CF001600D511EFC7CD450F2114C836EF2336C7F81B7EEA13C82118C63600F533CD0A5B
:2017EF000233FA13C8B73E012801AFEA16C82147DA7EF60177C37F59F80D7EB72010FA16F7
:20180F00C8B7CA7F59F8057EEA47DAC37F59F80E7EB72010FA12C8B7CA7F59F8067EEA4732
:20182F00DAC37F597BB7C27F59F8017EB72804F81B3620F8077EB72814F80B2A5F561A4FDA
:20184F00131A47F8082A666F095D54180B0193CBF8082A666F095D54F81B4E0600C501EFF5
:20186F00C7CD450F2147DA7EF60877C37F59F80E7EB720132112C836002116C83600F806CF
:20188F007EEA47DAC37F597BB7206CFA12C8B7CA7F59F8017EB72804F81B3620F8077EB733
:2018AF002820F80B2A5F2A571A22131A322A5F56F8082A666F19E57DF80D77E17CF80C777C
:2018CF00181B1193CBF8082A666F19E57DF80F77E17CF80E323A2B77F80E3A2B77F80B2ADF
:2018EF005F56F81B4E0600C501EFC7CD450F2147DA7EF608771879F80A7EB72061F8017E2B
:20190F00B72804F81B3620F8027EB7280FF80B2A5F561A6F131A67094D4418062193CB09C7
:20192F004D44F81B5E160021EFC7D55D54CD450F2114C836EF2336C7F81B7EEA13C8211831
:20194F00C63600F533CD0A0233FA13C8B73E012801AFEA16C82147DA7EF601771812F80D80
:20196F007EB7200CFA16C8B72806F8057EEA47DAFA47DAD60F283AF8032A5F561A4F131AE2
:20198F004711060079935F789AF80E3273F8032A5F56F80D2A12137E12F8032A5F562110E9
:1419AF000019E57DF80F77E17CF80E322A666F3601E80FC9A0
:020000040000FA
:013A38000F7E
:020000040001F9
:2019C300C5F8082A5F2A572A4F46C57A873805CDFC5918161F2F577B2F5F13214FCA7EB7F3
:2019E3002801353E2D0203CDFC596069D17A2F577B2F5F1319545DC1C9C52152CAAF3232D5
:201A0300770610CB23CB127E8F27227E8F27227E8F27322B0520ECC1FA4FCAD605380F28FF
:201A23000D573E3002031520FB3E05EA4FCAFA4FCAB728023E01571E302152CA3AE60F8290
:201A43002811928316010203FA4FCAB72805FE0530010B7ECB37E60F822811928316010285
:201A630003FA4FCAB72805FE0430010B3AE60F822811928316010203FA4FCAB72805FE0318
:201A830030010B7ECB37E60F82280F92830203FA4FCAB72805FE0230010B7EE60F83020391
:031AA300AF02C9C6
:020000040000FA
:20283000E8F0F090F80077F8167EF80177F8177EF802322A4F4603030AE0900AEA0020F8C1
:20285000012A5F561A4F131A47F80C792270F8187E1E0087CB136F6309E57DF80577E17C7D
:20287000F80477F80E36242336C9F8012A5F5621080019E57DF80777E17CF80677F8032A6A
:202890005F561AF80777F8032A5F566B6223E57DF80A77E17CF809322B7EB7CA672AF80EED
:2028B0002A5F566B6223E57DF80C77E17CF80B77F8077ED625C2282AF80C2A5F561A6F137A
:2028D0001A674D44CB21CB10CB7C280DF8052A5F561A6F131A670918042193CB095D541A22
:2028F000F80322131A77F8082A4F460A5F696023E57DF80A77E17CF809777BFE25CA032AAE
:20291000D644281DF8037EF809777BFE63CABB29FE642855FE66CAEA29D674CAD029C308D5
:202930002AF8082A4F460AC6D0EA4FCAF80E2A5F56D5F8052A5F56D51E0421C359CDF53936
:20295000E804FA31CAB7280CD5F8102A666FE5CD2C38E1D11600F80E2A666F19E57DF81059
:2029700077E17CF80F77C34B2A214FCA3600F80E2A5F56D5F8052A5F56D51E0421C359CDB6
:20299000F539E804FA31CAB7280CD5F8102A666FE5CD2C38E1D11600F80E2A666F19E57DF3
:2029B000F81077E17CF80F77C34B2AF80E2A5F56F8092A127EF80E77F80B7EF80F77187BC6
:2029D000F80E2A666F3601F80A2A5F3A2B577E3C3C1213F80E7B22721861F80E2A666F3680
:2029F00002F80A2A5F3A2B577E3C1213F80E7B22721848F8082A4F4659501B1A4F13F80330
:202A10007B2272F80E2A666F71F80A7EF80E77F80B7EF80F77C38D28F8072A4F7EF8037745
:202A3000F8097EF80477F80E2A666F71F80A7EF80E77F80B7EF80F77C38D2803F803792211
:202A500070F80C2A5F5621020019E57DF80E77E17CF80D77C38D28F80E2A666F3600F80074
:162A70007EE0907EEA0020F8012A5F56F8082A12137E12E810C962
:20D9CD00FA14C6EA15C6F8087EEA1DC92122C93600211CC93600211AC93600F8097EFE34EA
:20D9ED00D0C6CC2600E533F5331E0121F257CDF539E1C9F8087EB7280ACD2E02213CCA7B1E
:20DA0D002272C9CD3602213CCA7B2272C9F8093A8787874F7E8787872118C9712117C97181
:20DA2D00EA16C9EA15C9C9F8087EB7280E237EF5331E0121B65FCDF53933C90E00F80946AA
:20DA4D00CB402814FA15C92116C9962009FA17C92118C99628020E01CB482808FA1AC9B759
:20DA6D0020020E012115C65E16002114C66E26007B2F5F7A2F577DA35F7CA2CB502806CBAF
:20DA8D006320020E01CB582806CB6B20020E01CB602805B320020E0179B7C8F8062A4F463C
:20DAAD0021100009360169602A66C6FD5F7CCEFF577B02037A02C9F80A7E3C2008FA1EC943
:20DACD00F80A77180DF80A7ED6FE2006FA1FC9F80A77F80A3A4F3A878787477E8787875FB3
:20DAED002118C9702116C97379D6FD20092117C9702115C973C92119C971C9CD2E02F809D8
:20DB0D004EAF69672929292929194D44F8086E2600095D54213ECA7B2272F80A7EEA40CABA
:20DB2D00F80B7EEA41CAF80C7EB73EC920023ECAEA42CAC9F80C7EB72803AF18023EFFEAE5
:20DB4D0023C9F80D4678E6024FCB402849C5F80D3A573A5FD53A575ED51E01214E57CDF522
:20DB6D0039E804C179B7C8F80B3A4705053A5F1D1D3A4F0C7E3CF80C66E533C53363E53315
:20DB8D0061E533F533F80B2A5F56D51E0321085BCDF539E807C9F80C7EB73EC920023ECA5E
:20DBAD00F533F80C3A573A5FD53A575ED5CD0437E80579B7C8F80C3A573A5FD53A573A5F4F
:20DBCD00D53A2BF5332A5F56D51E0321085BCDF539E807C9F8087ED614302D237ED612304C
:20DBED00273E12962B473E1496F80B66E533F80B6668E5F533AF0FF5F80C2A5F56D51E03C6
:20DC0D0021415BCDF539E808F8093A8787874F7E8787872118C9712117C971EA16C9EA1570
:20DC2D00C9C9E8F7F80F7EF80077F8107EF80177F8112A4F46CB21CB10CB7E281BD1D5219A
:20DC4D00080019E57DF80977E17CF808322A5F561A6F131A670918042193CB097D4CF807BC
:20DC6D002279327EF80277F8087EF80377F8147EB7CA1A5DF8072A5F561AF80422131A77AF
:20DC8D00F8147EF807223600F8075D54F8041A1396231A9E1A57CB7E2807CB7A2008BF181F
:20DCAD0005CB7A2801373E0017F80677B72806234E06001805F8042A4F4679D60178173F91
:20DCCD001FDE803009F8073E0122AF771811F8067EB7200BF8047EF807322B7EF80877F8B1
:20DCED00074ED1D513131A47D1D51A6F131A5D5779F533F8153AF5337EF533C533D51E01E3
:20DD0D0021365ECDF539E8064F06001803010000F8022A666F792270D1D51AF80722131AD5
:20DD2D0077F8144E060069602909294D44F8072A666F094D44E1E5792270E809C9F8084ED9
:20DD4D00213BCA710600696029093E6E854F3E058C470AEA3ACA6960232A4F46FA3ACAF5F2
:20DD6D0033110800D51132CACD3B15C9CD2E02F8094EAF69672929292929194D44F8086ED2
:20DD8D002600094D44F80C7EB73EC920023ECAF533F80C3A575ED5C51E0421E24DCDF5392A
:20DDAD00E805C9212BC55EF80D7ECDD90DF80C7E1E00814F7B8847792123C586234F788EC1
:20DDCD0047F80B3A573A5FD53A575ED5FA2BC567FA22C56FE5C5CD9B24E808C9E8FDF80BB1
:20DDED002A4F46CB21CB10CB7E280FF8092A5F56210800192A666F0918042193CB094D44B1
:20DE0D00210A000956C5212BC55E7ACDD90D5950C1210800096E2600195D54210600097E62
:20DE2D00F80077210400097EF80177696023237EF802770A4F2123C52A835F7E8A57F80087
:20DE4D002AF5332AF53346C5FA2BC567FA22C56FE5D5CD9B24E80BC9E8F4F8122A5F56F8A6
:20DE6D00162A4F46CB21CB1021080019E57DF80577E17CF80477F817CB7E280DF8032A5F00
:20DE8D00561A6F131A670918042193CB097EF80577F8182A4F46CB21CB10CB7E280DF80354
:20DEAD002A5F561A6F131A670918042193CB097EF80677F81A7EF80777F81B7EF80877F8B3
:20DECD001C7EF809322A5F3A2B577ECD2115F80A79322B2A5F3A2B57137ECD2115F80B717D
:20DEED00F8142A4F46CB21CB10CB7E280EF8032A5F561A6F131A67094D18052193CB094DC5
:20DF0D00440AEA4BDAF8082A5F56210800194D44F8077EF533210100395D54CDFF14F8005C
:20DF2D002A472A666FC533E5F80E3A575ED5F80B3A577E5FD5CDE314E807214BDA3600E860
:1BDF4D000CC9F8087EEA44CAF8097EEA45CAF80A7EEA46CAF80B7EEA43CAC93B
:202A8600E8F6F8102A5F2A572A4F46CB21CB1021080019E57DF80A77E17CF80977F813CBF2
:202AA6007E2816F8082A5F561A6F131A67095D541AF80022131A77180D2193CB095D541A4E
:202AC600F80022131A77F8157EB72820F8082A5F561A4F131A47F8155E16006B6229799567
:202AE6004F789C47F8082A666F712370F090F80277F8107EF80377F8117EF804322A4F46C6
:202B060003030AE0900AEA0020F8032A5F2A571A4F131A712377F8147EF80977F8097EB73D
:202B2600286CF8052A5F3A571A4F131A472A5F5621020019E57DF80977E17CF80877F80046
:202B46007E912032237E90202DF8072A5F561AF80022131A327EF80877F8017EF80977F843
:202B6600032A5F56F8082A12137E12F8027EE0907EEA00201838F8072A5F5621020019E5CF
:202B86007DF80777E17CF80677F80935188EF8027EE0907EEA0020F8057EF808322B7EF8D0
:202BA6000977F8032A5F56F8082A12137E12E80AC9E8F0F81B2A4F46CB21CB10CB7E280F2A
:202BC600F8162A5F56210800192A666F0918042193CB09AFF533E5F81C2A5F3A2B57D57EAC
:202BE600F5331E0221F76FCDF539E808C5F81D7EB7CAD82CF8013AB6CAD82C2323F0907744
:202C0600F8167EF80377F8177EF804322A4F4603030AE0900AEA0020F81D7EF80F77F81B7E
:202C26007EF80577F81C7EF80632CB2623CB161193CB3A6E6719E57DF80977E17CF80877A0
:202C4600F8032A5F5621080019E57DF80B77E17CF80A77F80F7EB72870F8032A5F561A6F69
:202C6600131A672ACB7E2815F8092A5F561A4F131A47F8052A666F092A4F7E1809F8072A07
:202C86005F561A4F131AF80B712377D1D5210800194D4459501AF80D22131A322A5F561321
:202CA600137B02037A02F80B2A4F2A472A666F792270F8032A5F561A4F131A4703033A6EA3
:202CC60067792270F80F35188AF8027EE0907EEA0020E810C9E8F3F090F80077F8137EF822
:202CE6000177F8147EF802322A4F4603030AE0900AEA0020F8012A5F5621080019E57DF8D9
:202D06000577E17CF804322A5F2A571A22131A77F8012A5F561AF80B22131A322A4F460384
:202D2600F8012A666F792270F80B2A5F561A77CB7ECA432F7ED6FB2822F80C7ED6FCCACB10
:202D46002DF80C7ED6FDCA542EF80C7ED6FECABC2EF80C7E3CCAF12EC3222FF8012A5F5602
:202D66001A6F131A672A4F46CB782816CB21CB10F8052A666F09E57DF80D77E17CF80C776E
:202D8600180FCB21CB102193CB094D7CF80B712377F8032A5F561A4F131A470B0B3A6E6704
:202DA60079227069602A4F46F80B2A666F792270F8012A5F561A4F131A4703033A6E67792A
:202DC6002270C3162DF8012A5F561A6F131A672A4F46CB78280ECB21CB10F8052A666F095C
:202DE6004D4418096960291193CB194D4469602A4F46F8032A5F561AF80922131A77CB788A
:202E06002816CB21CB10F8052A666F09E57DF80D77E17CF80C77180F7987CB10C6934F78CA
:202E2600CECBF80B712377F80B2A5F561A4F131A47F8092A666F792270F8012A5F561A4FDA
:202E4600131A4703033A6E67792270C32E2FF8012A5F561A6F131A672A4F46F8032A5F562A
:202E66001AF80922131A77CB782816CB21CB10F8052A666F09E57DF80D77E17CF80C771850
:202E86000F7987CB10C6934F78CECBF80B712377F80B2A5F561A4F131A47F8092A666F7943
:202EA6002270F8012A5F561A4F131A4703033A6E677922701872F8032A5F561AF80B2213EF
:202EC6001A77F8012A5F561A6F131A672A4F46F80B2A666F792270F8012A5F561A4F131A2C
:202EE6004703033A6E67792270183DF8012A5F561AF80B22131A322A4F4603F8012A666FE0
:202F0600792270F80B2A5F561A4FF8032A5F561A6F131A6779079F712377180CF8007EE0BA
:202F2600907EEA0020C3B134F8032A5F561A4F131A4703033A6E67792270C3162DF8032AC9
:202F46005F561A4F131A4711040079935F789AF808327B222B2A5F5621020019E57DF80BCD
:202F660077E17CF80A22237E3DCAF030F80C7ED602CA1C31F80C7ED603CA5631F80C7ED616
:202F860004CA9231F80C7ED605CACC31F80C7ED606CA0832F80C7ED607CA3632F80C7ED62B
:202FA60008CA6232F80C7ED609CA9732F80C7ED625CAC830F80C7ED626CAB232F80C7ED6EE
:202FC6002ACA7830F80C7ED62B2862F80C7ED62D287CF80C7ED62FCAA030F80C7ED640CA96
:202FE6004034F80C7ED64CCA1E33F80C7ED64DCAC633F80C7ED651CA7534F80C7ED652CAA0
:203006004633F80C7ED654CA1234F80C7ED65ECAFA32F80C7ED66DCA6E33F80C7ED67CCAFB
:20302600D632F80C7ED67ECA5C34C39134F8072A5F2A571A4F131A472A5F561A6F131A67E8
:20304600094D44F8072A666F792270C39C34F8072A5F2A571A4F131A472A5F561A6F131AB9
:203066006779954F789C47F8072A666F792270C39C34F8072A5F561AF80B22131A322B2BBD
:203086002A5F2A571A4F131A472A5F56CDBA0DF8072A666F792270C39C34F8072A5F561A3C
:2030A600F80B22131A322B2B2A5F2A571A4F131A472A5F56CDA70FF8072A666F792270C31B
:2030C6009C34F8072A5F561AF80B22131A322B2B2A5F2A571A4F131A472A5F56CDB00FF8FE
:2030E600072A666F792270C39C34F8072A5F2A571A4F131A472A5F561A6F131A677D912016
:20310600067C903E012801AF4F0600F8072A666F792270C39C34F8072A5F2A571A4F131AF0
:20312600472A5F561A6F131A675C507995789CCB7B2807CB7A2008BF1805CB7A2801373ED7
:2031460000174F0600F8072A666F792270C39C34F8072A5F2A571A4F131A472A5F561A6F13
:20316600131A6758547D917C98CB7B2807CB7A2008BF1805CB7A2801373E0017EE014F06EB
:2031860000F8072A666F792270C39C34F8072A5F2A571A4F131A472A5F561A6F131A675853
:2031A600547D917C98CB7B2807CB7A2008BF1805CB7A2801373E00174F0600F8072A666F88
:2031C600792270C39C34F8072A5F2A571A4F131A472A5F561A6F131A675C507995789CCBD0
:2031E6007B2807CB7A2008BF1805CB7A2801373E0017EE014F0600F8072A666F792270C3CC
:203206009C34F8072A5F2A571A4F131A472A5F561A6F131A677D9120067C903E012801AF9F
:20322600EE014F0600F8072A666F792270C39C34F8072A4F3A472A5F561A6F131AB5280C31
:20324600F8092A5F561A6F131AB520041E0018021E0116007B02037A02C39C34F8077EF888
:203266000B77F8087EF80C77F8072A5F561A4F131AB1200E232A5F561A4F131AB120034FBF
:2032860018020E010600F80B2A666F792270C39C34F8092A5F561A4F131AB1D6013E001706
:2032A6004F06003A6E67792270C3162DF8072A5F2A571A4F131A472A5F561A6F131A677D34
:2032C600A14F7CA047F8072A666F792270C39C34F8072A5F2A571A4F131A472A5F561A6FAB
:2032E600131A6779B54F78B447F8072A666F792270C39C34F8072A5F2A571A4F131A472A98
:203306005F561A6F131A6779AD4F78AC47F8072A666F792270C39C34F8072A4F4669602AA8
:203326004F46F8092A5F561AE60F5F1C1804CB21CB101D20F9F8072A666F792270C39C34D3
:20334600F8072A4F4669602A4F46F8092A5F561AE60F5F1C1804CB38CB191D20F9F8072A55
:20336600666F792270C39C34F8077EF80B77F8087EF80C77F8072A5F2A571A4F131A472AD4
:203386005F561A6F131A675C507995789CCB7B2807CB7A2008BF1805CB7A2801373007F8F5
:2033A60009792270180BF8092A5F3A571A22131A77F80B2A5F56F8092A12137E12C39C3480
:2033C600F8077EF80B77F8087EF80C77F8072A5F2A571A4F131A472A5F561A6F131A6758BD
:2033E600547D917C98CB7B2807CB7A2008BF1805CB7A280137380AF8092A5F561A4F131A36
:2034060047F80B2A666F792270C39C34F8092A5F3A2B2B571A4F131A472A5F561A6F131ADC
:2034260067C5E51E0421F949CDF539E8044F0600F8072A666F792270185CF8092A5F561A3D
:203446004F131A47C5CDCC37E14B42F8092A666F792270C3162DF8092A5F561A4F131AF524
:20346600792F4FF12F473A6E67792270C3162DF8092A5F561A4F131A5759CD801A4F0600E6
:20348600F8092A666F792270C3162DF8007EE0907EEA00201815F8032A5F561A4F131A47C3
:2034A6000B0B3A6E67792270C3162DE80DC9E8FDF80B2A4F46CB21CB107ECB7F2811F809A2
:2034C6002A5F56210800192A666F094D4418062193CB094D44F090F80077F80E7EE090EA28
:2034E6000020F80D7EB7200D23232A5F561AF8012236001815F80F7EF80177F8107EF8020D
:20350600322A5F3A571A22131A77F8012A02033A2B027EE0907EEA0020E803C9F8062A6632
:203526006FE5F80A2A5F2A666FCDF539E802C9424B1A6F131A6713F090F51AE090EA002033
:203546002A5FB7284CC5E526006B29292B112803193A5F3AEA92CB3A474EE153CB3A30034F
:203566002AF53328092AF5332AF5331520F7C5444DF802192A666F714D7C237047E1C5D5FB
:20358600D5FA92CBE090EA0020E7E139F9E8061E01F1E090EA00207BC93B3BFA8BCBB7202C
:2035A600112187CB2277FA83CBEA89CBFA84CBEA8ACB2197D936012198D93610218ACB3A8A
:2035C600B6CAF036218DCB36002189CB2A4F462110000936002189CB2A4F46210F00097E01
:2035E600B720132189CB5E2356CD35352189CB4E2346B7C2A436211100095E218BCB7E93B8
:2036060077210D00092A4F4678B1280D6960233A5EF680577B02037A022188CB3AB6281CE4
:203626002A4F460303033333C52189CB6EFA8ACB672323232A4F46E1E57922702189CB2A60
:203646004F46030303FA83CB2189CB962013FA84CB218ACB96200A59501A2183CB22131A40
:20366600772185CB2A02037E02FA89CBEA85CBFA8ACBEA86CB2188CB3AB628132A4F46033A
:20368600030359501A2189CB22131A77C3C235FA83CBEA89CBFA84CBEA8ACBC3C235FA8D17
:2036A600CBB728043E031853211000095D541AB72011FA98D9F801772198D935F8017EB7ED
:2036C600C2C235FA8BCBB720211A2197D9A6772187CB79227003030359501A2189CB221327
:1E36E6001A772198D93610C3C2352184CB3AB6280AFA97D9B73E0120023E023333C920
:20A15A00E8FCF80A7EF80077F80B7EF80177D1D5210800194D4459501AF80222131A322A40
:20A17A005F5613137B02037A02D1D51A4F131A473A6E67792270D1D5F80C2A12137E12E8E0
:20A19A0004C9E8FCF80A7EF80077F80B7EF80177D1D521080019E57DF80477E17CF80332CD
:20A1BA002A5F561A4F131A470B0B3A6E6779227069602A4F46E1E5792270F80C7EB7281FC0
:20A1DA00F8022A5F561A4F131A47F80C5EAF6B672979954F789C47F8022A666F792270E8FF
:20A1FA0004C9E8FAF80C7EF80077F80D7EF80177D1D521080019E57DF80677E17CF8053267
:20A21A002A5F561AF80222131A322A4F2A4703032A666F792270D1D51A4F131A47F8022A0F
:20A23A00666F792270F8042A5F561AF80222131A322A4F2A4703032A666F792270C1C50331
:20A25A00030AF80422AF322B2B2A5F2A577E1213AF12D1D5F80F2A12133A2B127E02E80633
:20A27A00C9E8FCF80A7EF80077F80B7EF80177D1D521080019E57DF80477E17CF803322AC6
:20A29A005F561A4F131A470B0B3A6E67792270D1D513130A12F8022A5F561A4F131A470B39
:20A2BA000B3A6E6779227069602A4F46E1E5792270F80C7EB7281FF8022A5F561A4F131A17
:20A2DA0047F80C5EAF6B672979954F789C47F8022A666F792270E804C93B3BF8082A4F466B
:20A2FA00210800094D4459501AF80022131A77D1D513137B02037A02D1D5F80A2A12137EC3
:20A31A00123333C93B3BF8082A4F46210800093333E5F80A7EB72818D1D51A4F131A475ED8
:20A33A0016006B622979954F789C47E1E5792270D1D51A6F131A672A4F4659503333C9E82C
:20A35A00FCF80A7EF80077F80B7EF80177F80C2A4F46CB21CB10D1D521080019E57DF80437
:20A37A0077E17CF80377F80DCB7E280FF8022A5F561A6F131A67094D4418062193CB094D75
:20A39A00446960233A6EB52817D1D5F80E2A12137E1269602A665F541B7B02037A021827EA
:20A3BA00F8107EB72821F8022A5F561A4F131A47F8105E1600CB23CB1279934F789A47F854
:20A3DA00022A666F792270E804C9F8062A4F2A472A02037E02C9E8FAF80E7EB728172B2B90
:20A3FA002A4F46210800092A4F4621A3C02A5F567B02037A02FAA3C0F80077FAA4C0F80111
:20A41A0077F80C7EF80277F80D7EF803322A5F56210800192A666F2A4F46D1D57B915F7A9E
:20A43A0098F8053273F80F2A4F4669602A4F46F8042A917E9830102B2B2B2A5F56211000DC
:20A45A001936011E0018021E01E806C9E8F3F8137EF80277F8147EF80377F8192A4F46CB18
:20A47A0021CB10F8022A5F5621080019E57DF80677E17CF80577F81ACB7E280FF8042A5FEC
:20A49A00561A6F131A67094D7C18062193CB097C4DF806712377F8022A5F5621050019E5E8
:20A4BA007DF80A77E17CF809322A5F561AF80022131A77F8162A4F46F8022A5F5621070077
:20A4DA0019E57DF80C77E17CF80B77F8007E912015237E902010F80A2A5F2A571A77F8154E
:20A4FA007EF80C962815F8082A666F792270F80A2A5F56F8157E121601180216002122DA01
:20A51A00792270F8157EEA24DA016038F8132A5F7EF5F8082A666FF1E5D53357D56960CD64
:20A53A006739E8057BB72836F8187EB7281FF8042A5F561A4F131A47F8185EAF6B6729790F
:20A55A00954F789C47F8042A666F792270F8082A666FAF2277F80A2A666F36001818F802F4
:20A57A002A5F561A4F131A4779C6F94F78CEFF473A6E67792270E80DC9E8FCF80A7EF800BE
:20A59A0077F80B7EF80177F80C2A4F46CB21CB10CB7E281CD1D521080019E57DF80477E184
:20A5BA007CF803322A5F561A6F131A67094D18052193CB094D692A6EAFB5201CD1D51A4FE4
:20A5DA00131A4779C6FD4F78CEFF47E1E5792270D1D5211000193601E804C9F8082A4F466A
:20A5FA00CB21CB10CB7E280FF8062A5F56210800192A666F0918042193CB097EF5331E0269
:20A61A00215D71CDF53933C9E8F7F80F7EF80077F8107EF80177F8122A4F46CB21CB10D110
:20A63A00D521080019E57DF80477E17CF80377F813CB7E2816F8022A5F561A6F131A6709B4
:20A65A005D541AF80422131A77180D2193CB095D541AF80422131A77F8142A4F46CB21CB97
:20A67A0010CB7E2810F8022A5F561A6F131A67092A4F4618072193CB092A4F46F8063600D7
:20A69A003E06F81196DA3067F8047E912007237E903E012801AFF80777F8042A917E985639
:20A6BA0078CB7F2807CB7A2008BF1805CB7A2801373E0017F80877F804799623789E7857C2
:20A6DA00CB7E2807CB7A2008BF1805CB7A2801373E00174FF8115E160021F9661919E91826
:20A6FA0035180A180E18131819181C1823F8073A771823F8083A2B77181C79EE01F8067720
:20A71A001814F80671180FF8083A2BEE01771806F8073AEE0177F8067EB72809D1D5F816BD
:20A73A002A12137E12F8187EB7281FF8022A5F561A4F131A47F8185EAF6B672979954F78F1
:20A75A009C47F8022A666F792270E809C9E8F9F80D7EF80077F80E7EF80177F8102A4F46B0
:20A77A00CB21CB10D1D521080019E57DF80477E17CF80377F811CB7E2810F8022A5F561AEF
:20A79A006F131A67092A4F4618072193CB092A4F46F80436003E06F80F96DA4568F8127E4C
:20A7BA00912007237E903E012801AFF80577F812799623789E7857CB7E2807CB7A2008BF46
:20A7DA001805CB7A2801373E0017F80677F8122A917E985678CB7F2807CB7A2008BF180568
:20A7FA00CB7A2801373E00174FF80F5E1600210E681919E91835180A180E18131819181CA4
:20A81A001823F8053A771823F8063A2B77181C79EE01F804771814F80471180FF8063A2BEE
:20A83A00EE01771806F8053AEE0177F8047EB72809D1D5F8142A12137E12F8167EB7281F60
:20A85A00F8022A5F561A4F131A47F8165EAF6B672979954F789C47F8022A666F792270E86E
:20A87A0007C9E8FCF80A2A4F462108000933335D54D51AF80222131A77F80C2A4F46CB21A2
:20A89A00CB10CB7E280AF8022A666F094D4418062193CB094D4469602A4F46F8022A666FFD
:20A8BA00792270D1D51A4F131A470303E1E5792270E804C9E8FCF80A2A5F2A572A4F46CBEA
:20A8DA0021CB102108001933335D54D51AF80222131A77F80DCB7E280AF8022A666F094D8B
:20A8FA004418062193CB094D4469602A4F46F80C792270CB21CB10CB7E280AF8022A666FF1
:20A91A00094D4418062193CB094D4469602A4F46F8022A666F792270D1D51A4F131A47033A
:20A93A0003E1E5792270E804C9E8FCF80A2A4F462108000933335D54D51AF80222131A77D7
:20A95A00F80DCB7E281CF8022A4F4679D6934F78DECB47CB38CB19F80C2A5E814F7B88476C
:20A97A001805F80C2A4F46F8022A666F792270D1D51A4F131A470303E1E5792270E804C9CA
:20A99A003B3BF8082A4F46210800094D4459501AF80022131A77F80A7E5F079F57CB23CB8F
:20A9BA0012E1E5195D547B02037A023333C9E8FCF80A2A5F2A572A4F46CB21CB1021080011
:20A9DA00193333E5F80DCB7E2811D1D51A6F131A67094D7CF802712377180B2193CB094DE0
:20A9FA007CF802712377F80E2A4F46CB21CB10CB7E280AD1D51A6F131A670918042193CB4E
:20AA1A00092A4F46F8022A666F792270E804C9F8082A4F46CB21CB10CB7E2811F8062A5F0C
:20AA3A0056210800192A666F094D4418062193CB094D44F80A2A02037E02C9E8FAF80C7EB6
:20AA5A00F80077F80D7EF80177F80E2A4F46CB21CB10D1D521080019E57DF80677E17CF8DA
:20AA7A000577F80FCB7E2814F8042A5F561A6F131A67094D7CF802712377180B2193CB093A
:20AA9A005D54F8027B2272F8102A4F46CB21CB10CB7E280DF8042A5F561A6F131A670918BD
:20AABA0019D1D5210A0019E57DF80677E17CF805322A5F561A6F131A67092A4F46F8022A2E
:20AADA00666F792270E806C9F8087E0F3003CDBD0140C9F8062A4F46211000093601C9F882
:20AAFA00082A4F46CB21CB10CB7E2811F8062A5F56210800192A666F094D4418062193CBD7
:20AB1A00094D44F80A2A5F561A5F16007B02037A02C9F8082A4F46CB21CB10CB7E2811F84C
:20AB3A00062A5F56210800192A666F094D4418062193CB094D44F80A2A5F561A5F079F57AD
:20AB5A007B02037A02C93B3BF80A2A4F46CB21CB10CB7E2816F8082A5F56210800192A6ED8
:20AB7A00814F7D88F800712377180B2193CB094D7CF800712377F80C2A4F4669602A4F4621
:20AB9A00E1E57922703333C9F80A2A4F46CB21CB10CB7E2811F8062A5F56210800192A66E2
:20ABBA006F094D4418062193CB094D44F8082A5F560A12C9F80A2A4F46CB21CB10CB7E287E
:20ABDA0011F8062A5F56210800192A666F094D4418062193CB094D44F8082A5F560A12C997
:20ABFA003B3BF80C2A4F46CB21CB10CB7E2811F8082A5F56210800192A666F094D441806E1
:20AC1A002193CB094D44F80A7EF80077F80B7EF8017769602A4F46E1E57922703333C9F8A1
:20AC3A00082A4F2A477E02C9F8082A4F2A472A02037E02C9F8082A4F46CB21CB10CB7E2866
:20AC5A0010F8062A5F56210800192A666F094D18052193CB094D692A4F46C5CD4137E1C988
:20AC7A00E8FCCD16377BF812A6234F7AA647F810799623789E380CF8102A5F5679935F785A
:20AC9A009A474BF810799623789E380CF8102A5F5679935F789A474BF80C7EF80077F80DEE
:20ACBA007EF80132CB2623CB16F80DCB7E281EF80A2A5F56210800195D541AF80222131A11
:20ACDA0077F8022A5F56E1E5195D5418081193CBE1E5195D54F80E2A666F094D447912131E
:20ACFA007812E804C9F8062A4F462111000934218BCB34C9F8062A4F46211100097EB7C866
:20AD1A003D77218BCB35C93B3BF80A7EEA8DCBF80B7EEA8ECBF8082A4F46595013131AEA62
:20AD3A008FCB69602A665F542190CB7B227259501AF80022131A77D1D5F80B6E2600195DD4
:20AD5A00547B02037A023333C9E8FCF80A2A5F2A572A4F46CB21CB10210800193333E5F85F
:20AD7A000DCB7E280AD1D51A6F131A670918042193CB092A664F44CB21CB10CB7C2811D186
:20AD9A00D51A6F131A67094D7CF802712377180B2193CB094D7CF802712377F80E2A4F4692
:20ADBA00CB21CB10CB7E280AD1D51A6F131A670918042193CB092A4F46F8022A666F792274
:20ADDA0070E804C9E8FCF80A2A5F2A572A4F46CB21CB10210800193333E5F80DCB7E2811AA
:20ADFA00D1D51A6F131A67094D7CF802712377180B2193CB094D7CF802712377F80E2A4FA7
:20AE1A0046CB21CB10CB7E280AD1D51A6F131A670918042193CB092A664F44CB21CB10CB6B
:20AE3A007C280AD1D51A6F131A670918042193CB092A4F46F8022A666F792270E804C9F86A
:20AE5A00082A4F46CB21CB10CB7E280FF8062A5F56210800192A666F0918042193CB09E51A
:20AE7A00218CCB4EE1AF712377218CCB3600C9F8082A4F46CB21CB10CB7E280FF8062A5F53
:20AE9A0056210800192A666F0918042193CB095D54010000F80C7E912004237E90C8F80A70
:20AEBA002A12137E12130318EBE8FAF8127EF80077F8137EF80132CB2623CB16F80C2A5F71
:20AEDA0056F8102A4F46CB21CB1021080019E57DF80477E17CF80377F811CB7E280FF8020B
:20AEFA002A5F561A6F131A67094D7C18062193CB097C4DF804712377F80E2A4F46CB21CB78
:20AF1A0010CB7E280DF8022A5F561A6F131A670918042193CB095D54C1C5C5F8062A4F462D
:20AF3A00CD450FE806C9E8FBF80B7EB7282211000ED5110000D51193CBD5CD6839E806112F
:20AF5A003001D5110000D51153CAD5CD6839E806F8023E932236D12185CB3E532236CAAFC5
:20AF7A002183CB2277AFF80022771170CBF8043610F8047EB728474B42030303F8002A0287
:20AF9A00037E02210A00194D44F8022A02037E02210C00194D44F8043A2B02D52A5F562187
:20AFBA00800019D1E57DF80477E17CF803224B427BC6ED5F7ACEFF573333C53518B3218B2F
:20AFDA00CB3600218CCB3600AF2187CB2277FA83CBEA89CBFA84CBEA8ACBE805C9E8F3212D
:20AFFA0086CB3AB62006010000C35A712185CB2A4F46F80279227021030009E57DF80B7703
:20B01A00E17CF80A322A5F561A2185CB22131A775950F8142A12133A2B12595013137E127B
:20B03A0021080009E57DF80677E17CF80577210A00095D541AF80B22131A77F8042A5F5679
:20B05A00F80B2A12137E12210D00095D54F8162A12137E123AB628122A5F56210C00097E62
:20B07A00F80B22AF327E1213AF12210F0009360021110009360021120009360021070009C9
:20B09A003600F8092A666FAF22772184CB3AB628252A4F46030303F80B792278322A5F567C
:20B0BA001A4F131A47B120ECF80B2A5F56F8022A12137E1218062183CB792270F8187EB744
:20B0DA002879E5211A00395D54E16B6223E57DF80877E17CF80777F8187EF80C77F80C7EA3
:20B0FA00B72858F8042A5F561AF80822131A322A4F460303F8042A666F792270F8062A5F37
:20B11A0056210200193333E5F8007EF80677F8017EF80777D1D52102007B955F7A9CF80B0F
:20B13A00327B222B2A5F3A571A22131A322B2B2A5F2A572A12132A123518A2F8022A4F46B3
:20B15A00E80DC9FA83CBEA93D9FA84CBEA94D92194D93AB628502A4F46210C00095EF80692
:20B17A007E932033210D00092A4F4678B1281A6960233A5EF680577B02037A022193D92AEC
:20B19A004F46210D0009AF22772193D92A4F46210F00093E0177C903030359501A2193D924
:20B1BA0022131A7718A9AFC9FA83CBEA95D9FA84CBEA96D92196D93AB628272A4F46210C79
:20B1DA0000095EF8067E93200A210D0009AF22773E01C903030359501A2195D922131A770D
:04B1FA0018D2AFC9EF
:020000040001F9
:201AA600000000000000000000000000000000000000000000000000000000000000000020
:201AC6000000000000000000000000000000000000000000000000000000000000000102FD
:201AE60000000000000000030400000000000000000005060708090A0B0C000D0E0F10114A
:201B06001213000000001415161718191A1B001C1D1E1F2021220000000000232425260073
:201B26002728000000292A2B2C2D0000000000000000000000000000000000000000000079
:201B460000000000000000000000000000000000000000000000000000000000000000007F
:201B660000000000000000000000000000000000000000000000000000000000000000005F
:201B860000000000000000000000000000000000000000000000000000000000000000003F
:201BA600000000000000002E2F303132333435363738393A3B0000000000003C3D3E3F400A
:201BC6004142434445464748490000000000004A004B4C4D4E4F5051525354555600000082
:201BE6000000000000000000000000000000000000000000000000000000000000000000DF
:081C06000000000000000000D6
:020000040000FA
:20DF68005700FFFFFFFFFFFFFFFFFFFFFFFFFFFFFFFFFFFFFFFFFFFFFFFEFCFEFCFCFCF875
:20DF8800F0F8FFFFC0F18000000009001F3F3F7F7FFFFFFFFFFFFFFFFFFFFEFFF8FCF0F8EE
:20DFA800F0F0FFFFFFFFAFDF870F07070707070F533FF9F0F1F1F3F1F3F1FBF1F1F3F3F34C
:20DFC800F3F3FFFFFFFFFBFFF9F1F8F1F1F0F0F0E0F0FFFFFFFFFFFFF9FEF8F0C0E0C0C000
:20DFE800C3C0FFFFFFFFFFFFFFFF7F3F3F1E1F1E0F1FFFFFFFFFFFFFFFFFEF1F0508000005
:20E008000200FFFFFFFFFFFFFFFFF9FFDFE9C3070303FFFFFFFFFFFFFFFFF2FDF0E0E0C017
:20E0280084C3FFFFFFFFFFFFFFFF7FFF5F3F1F0F0F07E0C0E0C0C0E0E1C0E0C1E0C1C0E1D5
:20E04800C1E0707170F0F8F0F8F8F8FCFCFCF8FCFCF8FFFFFFFFF37F706120606030783033
:20E068007038FFFFFFFFFFFFFFFF7FFF777362674F66FFFFFFFFFFFFFFFFDBE78180000057
:20E088001408FFFFFFFFFFFFFFFFFFFFFCF830781038FFFFFFFFFFFFFFFFFFFFF7FF8747C8
:20E0A800170FF1F3F9F0FCF8FCFEFFFFFFFFFFFFFFFFE0F0F0E000001800B0F8F8F8FCF83B
:20E0C800F8FCE7FFFFFFFAFCF8F0E3F1E3F3E2F070F01F8F0F8F0F0FCF07CF878F0707076C
:20E0E800670702060E06860E8E0E8E0E9E0E9E0E1E8E0303333B793B3B797B797F79797D00
:20E10800F97FC080C080C08089C7C7C7E7C3F2E1F0F80F07070FDF3FFFFFFFFFDFFFDF9FDA
:20E128003F1FC1E0E0E0E0F0F8F0FCF8FCFEFFFFFFFFFCF878F87078000000010301778F1F
:20E14800FFFF78387C78F87C7CFCFEFCFCFEFEFEFFFE4E4E1E4E0E1E1F1E3E1F1F3F3F3F92
:20E168003F3F000000000201073F1F3F0E1F8C86E0C01C38783C78FCF8FCFCF8FCF87C7847
:20E188007CF81F3F3F7F3F7F7F7F7F7F7F7FFF7FFF7FFEFCFEFCFEFEFFFFFFFFFFFFFFFF4B
:20E1A800FFFF7FF8FF7F7FFFFFFFFFFFFFFFFFFFFFFF77FFFFFFFFFFFFFFFFFFFFFFFFFF86
:20E1C800FFFF8F9FFFFFFFFFFFFFFFFFFFFFFFFFFFFFFFFCFFFFFFFFFFFFFFFFFFFFFFFF2A
:20E1E800FFFFBF7FFFFFFFFFFFFFFFFFFFFFFFFFFFFFFEFFFFFFFFFFFFFFFFFFFFFFFFFFF8
:20E20800FFFF7F3F7FFFFFFFFFFFFFFFFFFFFFFFFFFFEDF3FFFFFFFFFFFFFFFFFFFFFFFFF4
:20E22800FFFFF8FCFDFFFFFFFFFFFFFFFFFFFFFFFFFF7FFFFFFFFFFFFFFFFFFFFFFFFFFF82
:20E24800FFFFFFFFFFFFF8F0F8F0F9F3F9F3F9F3F9F3FFFFFFFF2F1F0F07C7E3F3E3E3F386
:20E26800E3F3FFFFFFFFFFFFFFFFFFFFFFFFF8919081FFFFFFFFFFFFFFFFFFFFFFFFE9F065
:20E28800E6C0FFFFFFFFFFFFFFFFFFFFFFFF7FFE783CFFFFFFFFFFFFFFFFFFFFFFFF2F1F69
:20E2A800CE0FFFFFFFFFFFFFFFFFFFFFFFFF4B873303FFFFFFFFFFFFFFFEFCFEFEFCFEFC98
:20E2C800FCFEFFFFFFFF850331017B7DFF7FFF7F3F7FFFFFFFFFFFFFFFE7E7E7E7E7E780F1
:20E2E8008080FFFFFFFFFFFFFFFFFFFFFFFFE8F062C0FFFFFFFFFFFFFFFFFFFFFFFFBD7EF9
:20E308001C3EFFFFFFFFFFFFFFFFFEFFFEFF6FC48404FFFFFFFFFFFFFF3F3F3F3F3F3F0774
:20E328000707F9F3F9F3F8F0F8F0F9F3F9F3F9F3F9F3F7E3C3E70F072F1FFFFFFFFFFFFF8D
:20E34800FFFF8F879F8F9F9F9F9F9F9F9F9F9F9F9F9FDF8F9F9F1F9F00801F801F9F9F9F7A
:20E36800DF8F1C39BC193C983C1CDE3FFFFFFFFFFBFFEEFEFEFEFEFE5E3F1F0F8FC7CFE703
:20E38800CEE77B7F7F7F7F3F170FC783E1F3FBF1F9F3FFFEFFFFFFFFFFFFFFFFFFFFFFFFFD
:20E3A800FCFD2F1F8B07A1C3E8F1F9F8FDF8FDF8F0F9E7E7E7E7E7E7E7E7E7E7E7E7E7E7D9
:20E3C800E3E7FFCFFFFFFFFFFCF0C3E0C7CFCFCFCFCFBC1E1C9E9C9E1C1E9C1E9C9E9C9E0A
:20E3E8009C1E163F3E7FFE7FFE7FFE7FFE7FFE7FFF7F3F3F3F3F3F3F3F3F3F3F3F3F3F3FE8
:20E408003F3FF9F3F9F3FFFFFFFFFFFFFFFFFFFFFFFF9F9F9F9FFFFFFFFFFFFFFFFFFFFF38
:20E42800FFFFC7C0F0E0FFFFFFFFFFFFFFFFFFFFFFFF1938783CFFFFFFFFFFFFFFFFFFFF90
:20E44800FFFFC40E0F1EFFFFFFFFFFFFFFFFFFFFFFFF73030F07FFFFFFFFFFFFFFFFFFFF41
:20E46800FFFFFCFCFFFEFFFFFFFFFFFFFFFFFFFFFFFF73010307FFFFFFFFFFFFFFFFFFFF39
:20E48800FFFFF2E0F8F0FFFFFFFFFFFFFFFFFFFFFFFF66C0F1E0FFFFFFFFFFFFFFFFFFFFDB
:20E4A800FFFF1C1E9C9EFFFFFFFFFFFFFFFFFFFFFFFFFF7FFF7FFFFFFFFFFFFFFFFFFFFFFC
:12E4C800FFFF17070787FFFFFFFFFFFFFFFFFFFFFFFFA4
:020000040001F9
:0E407200141203685F00000004A65A0000004C
:201C0E000000000000000000000000000000000000000000000000000000000000000000B6
:201C2E00000000000000000000000000000000000000000000000000000000000000000096
:201C4E00000000000000000000000000000000000000000000000000000000000000000076
:201C6E0000000000010203030405060303030303030405060303030307080303090A0B03DB
:201C8E000C0D0E0F03090A0B0303030310111212131415121617181912131415121212124C
:201CAE001A1B121212121212121212121212121212121212121212121212121212121212C5
:201CCE0012121212121212121212121212121C1D1E1F12121212121212121212121220216B
:201CEE00221223242425121212121212121212121212262728122912122A122B2C1212129D
:201D0E002B2C1212000000000000000000000000000000000000000000000000000000003A
:201D2E00000000000000000000000000000000000000000000000000000000000000000095
:201D4E00000000000000000000000000000000000000000000000000000000000000000075
:201D6E0000000000000000002D00FFFFFFFFFFFFFFFFFFFFFFFFFFFFFFFF7FFF80FF80FFBC
:201D8E00FF7F8080808080808080FFFF01FF01FFFFFF010301030103010300FFF708F708AE
:201DAE00F70800FF7F807F807F807FFF808080808080808080FF80FFBFFFFFFF00000000E2
:201DCE000000000000FF00FFFFFFE0FF171817181718101F1FF01FF0DFF090889088808041
:201DEE008080808080FF7FFF80800103010301030103010301FFFFFF0103A0E0BFE0BFE004
:201E0E00BFE0BFE0BFE0BFE0BFE16060FF60FF60FF60FF60FF60FF60FF68507FD778D778CA
:201E2E00D778D07FDF70DF70DF707FFFFF80E388C19CC19CE388FF80C1BEFEFFFF01C711A9
:201E4E0083398339C711FF01837D7FFF80808080808080808080FF80FFFFFEFF0101010128
:201E6E00010101010101FF01FFFF80808080808090889088908890888080010301030103E4
:201E8E000103010301030103010300FFFF00FF00FF0000FFFF00FF00FF00BFE1BFE0BFE04A
:201EAE00BFE0BFE0A0FFBFFF80FFFF68FF60FF60FF60FF6060FFFFFF00FFD07FDF70DF70CE
:201ECE00DF70D07F5FF0DFF01FF088E3FFFF80FF9FE090EF9FE09FE0FFFF11C7FFFF01FF71
:201EEE00F90709F7F907F907FFFF8181FF81FB85FB85FF81FF8181FFFFFF8181FF81DFA1D4
:201F0E00DFA1FF81FF8181FFFFFF8080808080808080808080FF7FFF9C7F01030103010391
:201F2E000103010301FFFFFF1DFE7FFF8382FFC4FFC4BFA8BF90BF90FFFC03FF877C0CD880
:201F4E008D582FF8AF7827FC837FC0FFE13EF01BF11AF01BB51EE43FC1FEFEFF858583BB22
:201F6E008383839B8383FFFFFD01B60000B6FF0000FF00FF00FF6D92DB24DB0000DBFF0012
:201F8E0000FF00FF00FFB6496D926D00006DFF0000FF00FF00FFDB24B649BF80BF80BF80A7
:201FAE00BF80FFFF80FF80FFFF7FFF00FF00FF00FF00FFFF00FF00FFFFFFFD01FD01FD016A
:201FCE00FD01FFFF01FF01FFFFFEB6496D9200FF00FF00FFFF00006D6D00DB24B64900FF29
:201FEE0000FF00FFFF0000B6B6006D92DB2400FF00FF00FFFF0000DBDB0022FFE33EE33E57
:20200E00FF1C00FFFF00FF00FF0044FFC77CC77CFF3800FFFF00FF00FF00FFFF9B80B7804F
:1A202E00EF81FFFF8080808080D5FFFFFF01DD01F981FFFF01010101015527
:0E408000141204765D000000040E5C000000C7
:20204800000000000000000000000000000000000000000000000000000000000000000078
:20206800000000000000000000000000000000000000000000000000000000000000000058
:20208800000000000000000000000000000000000000000000010102030104050106070019
:2020A80000000000000000000001010809010A0B010C0D000000000000000000000E0F10A8
:2020C800111213141516170000000000000000000018191A1B151C1D121E1F000000000069
:2020E800000000000012151215121520212223000000000000000000001512151215122444
:202108002526270000000000000000000012151215121528292A2B0000000000000000002A
:20212800001512151215122C2D2E2F000000000000000000001215121512151215121500A9
:202148000000000000000000001512151215121512151200000000000000000000000000B4
:20216800000000000000000000000000000000000000000000000000000000000000000057
:20218800000000000000000000000000000000000000000000000000000000000000000037
:2021A80000000000000000003000FFFFFFFFFFFFFFFFFFFFFFFFFFFFFFFF00FFF708F708FA
:2021C800F70800FF7F807F807F80FFFF9B80B780EF81FFFF8080808080D5FFFFFF01DD010D
:2021E800F981FFFF010101010155FFFF9B80B780EF80DF80BE80FD80FF80FFFFFF01DF01CF
:20220800FF017D01FB01F701ED0110FFFF28FF7FFA84DFA0F488F880A0C008FFF71CFFFE3A
:20222800010101010107010F011F80AAFFFFF708F70800FF7F807F807F8001ABFFFFF7088F
:20224800F70800FF7F807F807F80FF81FFFFF708F70800FF7F807F807F80D981FFFFF708AC
:20226800F70800FF7F807F807F8080C080C080C080C080C095C0FF807FFF3F01017F0149BF
:202288000149017B0179FF01FFFE03FF0CFF10FF23FF2CFF30FF3CEF3FE3FFC03FF00FF81F
:2022A800C7FC37FC0FFC3FF4FFC43FFF40C03FFF20FF3FE033E01FF01FF0FFFC0302FFFC39
:2022C80007FCFF04FF04FF08FF0800FF00FF00FF00FF00FF00FF00FF00FFFF07FB78A59831
:2022E800A19EA09E908F8080FF80E0FFDE1FA5198579057909F10101FF01FF00FF00FF00AC
:20230800FF00FF00FF00FF00FF0000FF00FF00FF00FE00F30CE108E503F1DF008F00275019
:20232800532027508F00DF00FFB0FF20FE20FF20FD20FE10F718F80FFF07FC077C07BC07A2
:20234800FC07780FE81F10FFE0FFFF0FF010E020F020FF10FF0FF40FFB07F0FF080F0407A5
:202368000C07F80FF0FF20FFC0FFFFFF8181FF81FB85FB85FF8181FFFFFFFFFF8181FF8170
:20238800DFA1DFA1FF8181FFFFFFF908F116F017F810FF08F80FFF08FF07280F24D704F7D8
:2023A8000C07F80F08FFF80FF0FF00FF00FF03FC0CF310EF20DF20DE41BCFF001FE0C7380C
:2023C80033CC09F605FA047B823D07FF3BF84DC887869B9EA2BEA1BFA0BFFFE0DF1CB31268
:2023E800E161D979457D85FD05FD41BC40BE40BF40BF43BC47B84EB04CB0823D027D02FDCD
:2024080002FDC23DE21D720D320DA0BFA0BFA0BFA0BFA0BFA0BFA0BFA0BF05FD35FD5DCDA3
:20242800FDCD3FE73FE13FE31DFD4CB04EB047B843BC40BF40BF40BE41BC320D720DE21D9A
:20244800C23D02FD02FD027D823DA0BFA0BFA0BFA0BFA0BFA0BF909F8F8F05FD05FD05FDAC
:2024680005FD05FD05FD09F9F1F141BC20DEA05F906FCC33E31CF807FF00823D047B04FB38
:2024880008F730CFC03F00FF00FFC080E080FF80FF80BFC0C07FBF7FF03F03010701FF0164
:0A24A800FF01FD0302FFFCFF0CFF23
:0E408E00141204B0610000000448600000003D
:2024B200000000000000000000010100000000000200000000000000000000000001010004
:2024D200000000030405000000000000000000000001010000000006070800000000090AB4
:2024F2000B0C0000000101000D0E0F10111213140000151617180000000101000D191A1B76
:202512001C1D1E1F0000202122230000000101000D241A2526271E280000010101010000A4
:20253200000101000D292A2B2C2D2E2F0101010101010101010101000D30313233343536C9
:202552000101010101010101010101000D3738393A3B383C000000000000000000010100BE
:202572000D3D013E3F404142000000000000000000010100000000010101434400004546A7
:202592004748494A00010101010101010101010100004B4C4D4E4F50000101010101010124
:2025B20001010101000051525354555600010100000000000000000000005758595A5B5CF5
:2025D20000010100000000000000000000005D5E5F606162000101000000000000000000A8
:2025F2000101010101010101010101000000000000000000010101010101010101010100B3
:082612000000000000000000C0
:020000040000FA
:20E4DA006300000000000000100008000900002A0000000000000000000000000000000074
:20E4FA000000181818106F677F011810181018101810000000000000100008000900012B67
:20E51A00010018103C30786E5B1FC0FE7E41810180FF00000000000010000800898000AAA3
:20E53A00C04002020100070515011218161B133A1418FF80000000FFFF00000000FFFF004B
:20E55A0000004080A0E040A0B050587039D0D8323830FFFF80FF1C63630063006300631C9A
:20E57A007F1CFFFF00FFC63939003900390039C6FFC6FFFF00FF639C9C009C009C009C63AC
:20E59A00FF63FFFF01FF38C6C600C600C600C638FE3830304848F484F787FC84FF84FF870E
:20E5BA0084FC30304848F484F787FC84FF84FF8785FD30304848F484F787FD84F590D5C04F
:20E5DA005500141F373C7F707F3F603F6F306F306F3000FFFF00FF00FFFF00FFFF00FF0005
:20E5FA00FF0018F0FC10FF01FEF90EF9FE09FE09FE090C0C12123D21FD61BF51AF55AB55CF
:20E61A00AA550C0C12123D21FDE13F21FF21FFE1E17F00020200020002000707070000008C
:20E63A0000030000000000000000FFFF0FF0000004F30000000000000000FFFF0FF00000CC
:20E65A0001CA0040400040004000E0E000E00000000005041510150015001500150015009E
:20E67A00150055005500550055005500550055005500603F6F306F306F30603F6F316F3168
:20E69A006F301CFFDB7C8BFEC47F1DE786E3A2FF00FF0EF9FE09FE09FE898EF9FE097E8945
:20E6BA00FEC9AA55AA55AA55AA55AA55AA55AA55AA55B050AC54AA56AA56AA56AB56AA5680
:20E6DA00AA5603000201010200070707000700000000540205A2A55200FFFFFF00FFF0001B
:20E6FA00F000A845E50AEB0400FFFFFF00FFF000F00080404080004000E0E0E000E0E00049
:20E71A00E00015001500150015001500150015001500613E6F306F306F31603F6F306F30FD
:20E73A006F3000FF00FFFFFFFFFF00FFFF00E718E52ECEF9FEC9FEC9FEC90EF9FE09FE09E5
:20E75A00FE0BAA56AA56AA56AA56AA56AB56AA56AA56150015001500150015001602190BF0
:20E77A00252E55005602590B652E90BF5FE07F80FF0090BF5FE07F80FF0000FFFF00FF0073
:20E79A00FF0078C957BF2BB9D45316D3FB1CFF00FF000AFCFA07FE01FF0000FFFF00FF00FE
:20E7BA00FF00AAD5AA35AACDAA730AFCFA07FE01FF00AA56AA56AA56AA56AAD6AB36AACE70
:20E7DA00AA72583F4F480F081F08080F0F080F280F0808FFE738D764E1331FEFFBCACDEC1A
:20E7FA00F3F400FFFF01FF02FF0504FBFE03F80FFA0E3EFFFF004BFFDE29DE29DE29DE2963
:20E81A00DE2900FFFF80FF003FC0F05F9F70FF20FFE008FFE738D764E1339F6FFBCACDECFE
:20E83A00F3F40BFDF202F000F00008F0F900F00AF000080F0F080F081F08080F0F080F284F
:20E85A000F08EDC6D7F2FFFEFFFF00FFFF00FF00FF000AFDFA0DFA0DFA0D0AFDFA0EF80FE2
:20E87A00F80FDE29DE29DE29DE0FDE29DE29689F08FFF02FFF20FF20FF20F02FFFE0FF20C0
:20E89A003FE000F0F000F000F00008F0F900F00AF0000C0C12123D21FDE13F21FF21FFE1CC
:20E8BA00213F80BFAF90AF90AF90A090A08080BFFF8000FFFF00FF00FF000000000000FFD9
:20E8DA00FF0000F3F102F102F1020102010601FEFE01FFFF8080FF80FFA2FFA4FFA4FF8464
:20E8FA00FFB4FFFF0101FF01FF89FF51FF95FF41FF95FF80FFBFFF80FFFF28383828382831
:20E91A003838FF01FFFDFF01FFFF141C1C141C141C1C0000000000000303EFE06F03EFE095
:20E93A006F03000000000D0CFD906D9CFD906D9CFD9001017D72AD12FD72AD12FD72AD126D
:20E95A00FD728080BE4EB548BF4EB548BF4EB548BF4E00000000B33BBB0BB33BB808B13CB5
:20E97A00BD0A00002020E0E0E0E0F7E73620376776A0EFE06F03EFE06F03EFE06F03EFE07C
:20E99A006F036D9CFD906D9CFD906D9CFD906C9F8DF2AD12FD72AD12FD72AD13F17E7F8015
:20E9BA00FF00B548BF4EB548BF4EB5C88F7EBA45BB44B03DBA09B53ABF0FB639BF0936F94F
:20E9DA00F10FB76776A03727D6E0F707F6C0F707F6C0E3FD7B456F516F517B447B447F0050
:20E9FA00007FFFFE030203FE0302F708F708FF0000FF7F807F80FF00FF007F807F80FF0081
:20EA1A0000FFEF10EF10BB44BB44EF10EF10FF0000FFFF7FC040C07FC040FD02FD02FF002B
:20EA3A0000FFC7BFFE82FE82FE82FE02FE02FE0000FE7B447B446F506F507B447B456F5180
:20EA5A006F51F708F708FD02FD02F708FFFFFF81FF997F807F80FF00FF007F80FF83FE82CE
:20EA7A00FE82EF10EF10BB44BB44EF10FFFC27048704FD02FD02F708F708FD02FF07F00857
:20EA9A00F108FE02FE027E827E82FE02FEF24E020E027B457B456F516F517B457B457F0113
:20EABA00017FE799FF99FF99FD9BBBDD99FF99FFFFFFFE82FE82FF83FF83FF80FF80FF802D
:20EADA0080FF17044704FFFCFFFCEF10EF10FF0000FFF800F804F70FF70FFD02FD02FF0048
:12EAFA0000FF0E028E12FEF2FEF2FE02FE02FE0000FE7F
:020000040001F9
:0E409C00141203DA6400000004B26400000095
:20261A000000000000000000000000000000000000000000000000000000000000000000A0
:20263A00000000000000000000000000000000000000000000000000000000000000000080
:20265A00000000000000000000000000000000000000000000010203040506070809030030
:20267A000000000000000000000A0B030C0D0E0F1011030000000000000000000012131495
:20269A0015161617181914000000000000000000001A1B141C14141D14141400000000009D
:2026BA00000000000014141414141414141414000000000000000000001E1F141414141497
:2026DA001414140000000000000000000020211414141414141414000000000000000000C3
:2026FA000022231414141414141414000000000000000000002425142627282614292A007C
:20271A000000000000000000001414142B2C2D2B142E2F0000000000000000000000000043
:20273A0000000000000000000000000000000000000000000000000000000000000000007F
:20275A0000000000000000000000000000000000000000000000000000000000000000005F
:20277A0000000000000000003000FFFFFFFFFFFFFFFFFFFFFFFFFFFFFFFF7FFF80808080A1
:20279A0080808080FF80FFBFFCBCFEFF0101010101010101FF01FFFDDF4D00FFF708F70800
:2027BA00F70800FF7F807F807F807FFF8080FFBFE0A0E0A0E0A4E0BEFFBFFEFF0101FFFDED
:2027DA000705073507350775FFFD7FFF80808080FF80FFBEFF80FF80FFA000FFF788F7888F
:2027FA00F78880FFFFC0FFB0FF88FFFF9B80B780EF81FFFF8080808080D5FFFFFF01DD01DD
:20281A00F981FFFF010101010155EFA4FFA4FFA4E4BFFFBFFF80FFBFE7A7FF45FF45F74DFB
:20283A0047FDFFFDFF01FFFD3F3D80FFFF7FF709FF7F80FFD580AA807FFF01FFFFFEF78853
:20285A00FFFE01FF5509A309FFFEFFA8FF80FF7FF70801FF7F817F817F8084FFF78CF70CAF
:20287A00F7EC541FFF181FF0FFE07FFF80808080FF80C0BFC8A7C0BFFF80FEFF01010101F9
:20289A00FF0103FD13E503FDFF01FDA5FFA5FFA5E5BFFFBFFF80FFBFFCBCF735EF25FF2581
:2028BA0027FDFFFDFF01FFFDE7E500FF00FFFF00FF0000FF00FFFF00FF00BF80BF80BF8061
:2028DA00BF80FFFF80FF80FFFF7FFF00FF00FF00FF00FFFF00FF00FFFFFFFD01FD01FD0135
:2028FA00FD01FFFF01FF01FFFFFEC0BFC8A7C0BFFF80C0BFC8A7C0BFFF7F03FD13E503FDF6
:20291A00FF0103FD13E503FDFFFEEFACF4A7EFB4FFBFFF80FFFF80FFFF7FBFA5BFE5A7FDEB
:20293A00FFFDFF01FFFF01FFFFFE22FF22FFE33EFF1C00FF00FFFF00FF0044FF44FFC77C43
:20295A00FF3800FF00FFFF00FF0003FF1CFCE3609F90FF916FF0F897F79FC0FF383FC70687
:20297A00F909FF89F60F1FE9EFF998F8E0E0A0A0A7BFB8F8C0C080C680C1191F07070505C1
:20299A00E5FD1D1F03030103018380C080C080C080C680C180C083C39CDC01C301630133D0
:2029BA000113018301C3C1C3393BE3E09F90FF937FE1F798F09F9FFF60FFC707F909FFC912
:2029DA00FE87EF190FF9F9FF06FFB60000B6FF0000FF00FF00FF6D92DB24DB0000DBFF0030
:2029FA0000FF00FF00FFB6496D926D00006DFF0000FF00FF00FFDB24B64903FF0CFFF01FD2
:202A1A00E33F2CFF30FFFC2FFF23C0FF30FF0FF8C7FC34FF0CFF3FF4FFC4B6496D9200FFEA
:202A3A0000FF00FFFF00006D6D00DB24B64900FF00FF00FFFF0000B6B6006D92DB2400FF42
:202A5A0000FF00FFFF0000DBDB003FE03EE0FF20FD201EF017F8F80FFF07FC077C07BF04BD
:0A2A7A00FF04780FE81F1FF0FFE0D3
:0E40AA001412048267000000041A6600000071
:202A8400000000000000000000000000000000000000000000000000000000000000000032
:202AA40000000000000000000000000000000000000000000000000000000000000102030C
:202AC4000400050600000708000000000000000000090A0B0C0D0E0F1011121314151617E4
:202AE40018191A00001B1C1D1E1F20212223002425262728292A2B00002C2D2E2F303132EB
:202B04003334003536003738393A3B0000000000003C3D00000000003E000000000000000B
:202B2400000000000000000000000000000000000000000000000000000000000000000091
:202B4400000000000000000000000000000000000000000000000000000000000000000071
:202B6400000000000000000000000000000000000000000000000000000000000000000051
:202B8400000000000000000000000000000000000000000000000000000000000000000031
:202BA400000000000000000000000000000000000000000000000000000000000000000011
:202BC4000000000000000000000000000000000000000000000000000000000000000000F1
:082BE4000000000000000000E9
:020000040000FA
:20EB0C003F00FFFFFFFFFFFFFFFFFFFFFFFFFFFFFFFFFFFFFFFFFEFDFBFCF0F0E0F0E0F04C
:20EB2C00E1F1FFFFFFFFFFFFC30000002F1E7EFFFEFFFFFFFFFFFFFFFFFFFF7F7F7F7F7F01
:20EB4C007F7FFFFFFFFFFFFFFFFFFFFFFFFFFFFFFDFFFFFFFFFFFFFFFFFFFFFEFCFEFEFCD4
:20EB6C00FCFEFFFFFFFFFFFFFFFF1F3F1F1F1F1F3F1FFFFFFFFFFFFFFFFFFFFFFFFFFFFF6D
:20EB8C00FEFFFFFFFFFFFFFFFFFFFFFFF5FBE0810000F3E1F3E1E1F1F1F1F1F1F8F0F8F017
:20EBAC00F8F0FEFFFFFEFEFCFCF991E301001C007FFE7F7FFF7FFFFFFFFFFFFFFFFFFF7F78
:20EBCC007D7FF9FCF8F8F0F8FCF8FCFFFFFFF8FDFCF8FF7FFF7F7FFF7FFFFFFFFFFFFFFF98
:20EBEC007E7CFCFEFEFEFEFEFEFEFEFEFFFEFEFF562F1F3F1F3F1F3F1F3F1F3F1F3F073F2C
:20EC0C000301FFFFFFFFFFFFF0F9F0F0F0F0F0F0E0F0FFFFFFFFFFFFFFFFFFFFFFFF3FFF5F
:20EC2C000F0FFEFEFEFCFCFCFCFCFEFCFEFEFFFFFFFF38003C7C7FFE7FFF7F7F1F3F9F0FDD
:20EC4C0087C7FFFFFFFFFFFFFFFFFFFFF7FFE1E3E0E0FEFEFEFCFCFCFCFEFEFFFFFFFFFE0A
:20EC6C001C3E7F3F3F3F3F3F7F3FFF7FFFFFFF7F1D3FFCFCFCF8FCF8F8FCFDFEFFFFFFFC98
:20EC8C00FCFCFF7F7F7F7F7F7C7878F8F8F878F83078FFFFFFFFFFFF7FFF7F7F7F7F1F7F78
:20ECAC000202FFFFFFFFFFFFFFFFFFFFFFFF5F8F0707F8F1F8F1F8F1E0F0F0E0F0E0E0E069
:20ECCC00C0E0FFFFFFFFE3C3E74343E373E139703C1E713838B0B8B8BCB83CB8FC387878B2
:20ECEC0078F8BCC89C087C38F87CFE7C7EFCFEFCFEFCF878F0F8F0F0E1F0E1F1F3F1F0F1C0
:20ED0C00F0F8060F0E0F4F0FCFCFC7CFC7CFC7CFC70F01000800081C1E1C3E1CBC1EBE1EC2
:20ED2C003E9EC0C0F1D0F0F171F171F171F171F171F1CF3FFFCFFFFFFFFFFFFFFFFFFFFF0D
:20ED4C00FFFFF3E3F3F9FDF9F8FDFDFCFCFDF9FDFBF9F0E0F0F0F1F0E0F1F3D1D2F1F2F055
:20ED6C00F1F20C1E8C0ECCCEE6CEE6CFEECF5E8F3F1F3C3878383C78387C387C387C387C2D
:20ED8C00387C54EC9C041C3C3C7C7C7EFE7EFE7EFE7E0060F868F87878F878F878F878F865
:20EDAC00F878661C7CE478FCFCFCFFFEFFFFFEFDF8FD0707770F7F7F1F3F1F0FC787E7E764
:20EDCC00F3E7E0C0E5E3FFFFFFFFFFFFFFFFFFFFFFFF4081EFF1FFFFFFFFFFFFFFFFFFFF5A
:20EDEC00FFFFF8F8FCF8FAFDFFFFFFFFFFFFFFFFFFFFFCFEFCFEFEFEFEFFFFFFFFFFFFFF51
:20EE0C00FFFFFEFC77FB77FB7FFFFFFFFFFFEFFFEFE7070FE7CFEFCFEFCFCFCFDFCFCF9FCA
:20EE2C003F9F3E9E9E9E9E9E9F9F9FFFFFFFFFFFFFFF79F1F97171F8FFFCFFFFFFFFFFFF8C
:20EE4C00FFFFFFFFFFFF3FFFFF7FFFFFFFFFFFFFFFFF7703778FFFFFFFFFFFFFFFFFFFFF82
:20EE6C00FFFFE3F3F3F3F7F3F3F7C7E7F7E7EFE7EFE7783C783CBF3C7FBFFFFFFFFFFFFF25
:20EE8C00FFFFFE7E7FFEFEFFFFFFFFFFFFFFFFFFFFFFF978FC78787CFF7EFFFFFFFFFFFF2C
:20EEAC00FFFFFCFCFDFEBF7FFF3FFFFFFFFFFFFFFFFFA7471F0F9FFFFFFFFFFFFFFFFFFF2F
:20EECC00FFFFF2E0FFF8FFFFFFFFFFFFFFFFFFFFFFFF7F3F7FFFFFFFFFFFFFFFFFFFFFFF39
:12EEEC00FFFFEFE7F7EFFFFFFFFFFFFFFFFFFFFFFFFF66
:020000040001F9
:1E40B8001412030C6B00000004846A00000000003E3EC1C1CE8ECC84C484F8F8000076
:020000040000FA
:20B1FE00000000000000000000000000000000000000000000000000000000000000000031
:20B21E00000102030405060708090A0B0C0D0E0F101112131415161718191A1B1C1D1E1F20
:20B23E00202122232425262728292A2B2C2D2E2F303132333435363738393A3B3C3D3E3F00
:20B25E00404142434445464748494A4B4C4D4E4F505152535455565758595A5B5C5D5E5FE0
:20B27E00605F0C61626364653E666768695F6A5F5F6B6C6D026E6F7071726773745F6A7591
:20B29E005F767778797A7B7C7D7E7F80815F82838485868788898A8B8C8D848E5F5F5F8FF0
:20B2BE00909192939495969798999A9B9C9D9E9FA0A1A2A3A4A5A658A7A8A9AAABACADAED7
:20B2DE00AFB0B1B2B3B4B5B6B7B8B9BA9C9D9E9FBBBCBDBEBFC0C1C2C3C4C5C6C7C8C9CA3C
:20B2FE000000000000000000000000000000000000004040404040404040000040400000B0
:20B31E0000006C6C242448480000000000000000000024247E7E242424247E7E2424000047
:20B33E001010383854545050383814145454383800000000242408081010242400000000A7
:20B35E000000303048485050202054544848343400001818080810100000000000000000FF
:20B37E0000000808101010101010101008080000000010100808080808080808101000008F
:20B39E000000000010105454383854541010000000000000101010107C7C10101010000017
:20B3BE00000000000000000060602020404000000000000000007C7C0000000000000000F7
:20B3DE000000000000000000000000004040000000000202040408081010202040400000D3
:20B3FE0000003C3C626252524A4A46463C3C00000000181828280808080808083C3C00008F
:20B41E0000003C3C424202023C3C40407E7E000000007C7C02020C0C020202027E7E000002
:20B43E0000004040404048487E7E08080808000000007E7E40407C7C020202027C7C0000CE
:20B45E0000003C3C40407C7C424242423C3C000000007E7E020204040808101020200000E6
:20B47E0000003C3C42423C3C424242423C3C000000003C3C424242423E3E02023C3C000042
:20B49E000000181818180000000018181818000000001818181800001818181808081010DE
:20B4BE00000000000C0C3030404030300C0C00000000000000007C7C00007C7C000000000E
:20B4DE000000000060601818040418186060000000003030484808083030000020200000C6
:20B4FE0000001C1C22224D4D555555552E2E000000003C3C424242427E7E424242420000E4
:20B51E0000007C7C42427C7C424242427C7C000000003C3C42424040404042423C3C0000A1
:20B53E0000007C7C42424242424242427C7C000000007E7E40407C7C404040407E7E00007D
:20B55E0000007E7E404040407C7C40404040000000003C3C424240404E4E42423E3E0000C1
:20B57E0000004242424242427E7E42424242000000007C7C10101010101010107C7C0000AD
:20B59E0000007C7C10101010101010106060000000004444484850507070484844440000A5
:20B5BE000000404040404040404040407E7E00000000424266665A5A424242424242000061
:20B5DE0000004242626252524A4A46464242000000003C3C42424242424242423C3C0000BD
:20B5FE0000007C7C424242427C7C40404040000000003C3C424242424A4A44443A3A000025
:20B61E0000007C7C424242427C7C42424242000000003E3E40403C3C020242423C3C000098
:20B63E0000007C7C1010101010101010101000000000424242424242424242423C3C000048
:20B65E000000444444444444282828281010000000004242424242425A5A666642420000E4
:20B67E0000004242242418181818242442420000000044442828101010101010101000005C
:20B69E0000007C7C04040808101020207C7C00000000181810101010101010101818000044
:20B6BE000000404020201010080804040202000000001818080808080808080818180000D0
:20B6DE00000010102828000000000000000000000000000000000000000000003C3C000064
:20B6FE0000002020101000000000000000000000000000003C3C444444444C4C3434000044
:20B71E0000004040787844444444444478780000000000003C3C4040404040403C3C0000A3
:20B73E00000004043C3C4444444444443C3C000000000000383844447C7C40403C3C000073
:20B75E0000003838404040407878404040400000000000003838444444443C3C040478787B
:20B77E0000004040787844444444444444440000000010100000101010101010101000007B
:20B79E0000000808000008080808080808083030000040404444484870704848444400004B
:20B7BE0000001010101010101010101010100000000000006C6C5454444444444444000093
:20B7DE000000000058586464444444444444000000000000383844444444444438380000C3
:20B7FE0000000000787844444444444478784040000000003C3C4444444444443C3C0404A3
:20B81E0000000000585864644040404040400000000000003C3C40403838040478780000B2
:20B83E0000004040404078784040404038380000000000004444444444444C4C34340000F2
:20B85E00000000004444444428282828101000000000000044444444444454546C6C0000E2
:20B87E00000000004444282810102828444400000000000044444444444428281010606012
:20B89E00000000007C7C0808101020207C7C0000000008081010101020201010101008084A
:20B8BE001010101010101010101010101010101000001010080808080404080808081010E2
:20B8DE00000000000000000032324C4C000000005555AAAA5555AAAA5555AAAA5555AAAA56
:20B8FE0000003838404070707070404038380000000000000C0C1010383810106060000002
:20B91E0000000000000000006C6C24244848000000000000000000000000000054540000B1
:20B93E000000000020207070202020200000000000000000202070702020707020200000C9
:20B95E00000000004848101020204A4A00000000282810103C3C4040383804047878000075
:20B97E000000000008081010202010100808000000003E3E48484E4E484848483E3E0000C5
:20B99E00282810107C7C0808101020207C7C000000000606040402020000000000000000A1
:20B9BE00000060602020404000000000000000000000363624241212000000000000000011
:20B9DE0000000000000018183C3C3C3C181800000000000000000000383800000000000089
:20B9FE0000000000000000007C7C00000000000000000000141428280000000000000000B9
:20BA1E00000000007A7A2E2E2A2A0000000000000000000020201010080810102020000094
:20BA3E000000000000003C3C4A4A4C4C3E3E00000000282800004444282810101010101040
:20BA5E0000004040000040404040404040400000000010103C3C5050505050503C3C101038
:20BA7E000000383844444040F0F040407C7C00000000000044443838282838384444000098
:20BA9E004444282810107C7C10107C7C1010000010101010101000000000101010101010A0
:20BABE001C1C202078784444383808087070000000002424000000000000000000000000D0
:20BADE003C3C42429999A1A1A1A1999942423C3C38384848585868680000000000000000E8
:20BAFE000000000014142828505028281414000000000000000000003C3C04040000000018
:20BB1E003C3C4242B9B9A5A5B9B9A5A542423C3C00000000000078780000000000000000A7
:20BB3E000000303048484848303000000000000000000000101038381010000038380000E7
:20BB5E00303048481010202078780000000000007070080838380808707000000000000037
:20BB7E000404080800000000000000000000000000004040484848484848747440400000F7
:20BB9E0000003A3A7A7A7A7A3A3A0A0A0A0A0000000000000000181818180000000000002F
:20BBBE0000000000000000000000080804040808000060602020202070700000000000001F
:20BBDE0000000000282814140A0A1414282800000000101000003030404048483030000053
:20BBFE002020101000003C3C42427E7E424200000404080800003C3C42427E7E42420000B7
:20BC1E001818242400003C3C42427E7E424200001414282800003C3C42427E7E424200001E
:20BC3E000000242400003C3C42427E7E424200001818181800003C3C42427E7E4242000046
:20BC5E0000001E1E181828283E3E48484E4E000000003C3C42424040404042423C3C08085A
:20BC7E002020101000007E7E40407C7C40407E7E0404080800007E7E40407C7C40407E7E4E
:20BC9E001414282800007E7E40407C7C40407E7E0000242400007E7E40407C7C40407E7EE6
:20BCBE00202010100000101010101010101010100808101000001010101010101010101096
:20BCDE00101028280000101010101010101010100000282800001010101010101010101046
:20BCFE0000007C7C42424242F2F242427C7C0000141428280000626252524A4A46460000C6
:20BD1E002020101000003C3C424242423C3C00000404080800003C3C424242423C3C00009D
:20BD3E001818242400003C3C424242423C3C00001414282800003C3C424242423C3C000005
:20BD5E000000242400003C3C424242423C3C000000003E3E46464A4A525262627C7C000089
:20BD7E002020101042424242424242423C3C00000404080842424242424242423C3C00001D
:20BD9E001818242400004242424242423C3C00000000242400004242424242423C3C0000BD
:20BDBE00040408084444282810101010101000000000404070704848484870704040000035
:20BDDE00000078784444484844444444585800002020101000003C3C44444C4C343400001D
:20BDFE000404080800003C3C44444C4C343400001818242400003C3C44444C4C3434000095
:20BE1E001414282800003C3C44444C4C343400000000242400003C3C44444C4C3434000044
:20BE3E001818181800003C3C44444C4C343400000000000000003C3C4A4A5C5C2E2E000064
:20BE5E00000000003C3C4040404040403C3C0808202010100000383844447C7C40403C3CFC
:20BE7E00040408080000383844447C7C40403C3C181824240000383844447C7C40403C3C44
:20BE9E00000024240000383844447C7C40403C3C00000A0A04043A3A444444443838000044
:20BEBE00141428280000585864644444444400002020101000003838444444443838000014
:20BEDE000808101000003838444444443838000010102828000038384444444438380000C4
:20BEFE0014142828000038384444444438380000000028280000383844444444383800007C
:20BF1E0000000000101000007C7C000010100000000000003C3C4C4C54546464787800005B
:20BF3E00202010100000444444444C4C34340000080810100000444444444C4C3434000033
:20BF5E00101028280000444444444C4C34340000000028280000444444444C4C34340000E3
:20BF7E00080810100000444444442828101060600000404060605050505060604040000073
:18BF9E000000282800004444444428281010606001FFFE710000FE721C
:020000040001F9
:202BEC003F007F3FC040DF5FF050D050F050F050FF00FFFF0000FFFF0000000000000000B3
:202C0C00FC00FEFC0302FBFA0F0A0B0A0F0A0F0AF050F050F050F050F050F050F050F05058
:202C2C00000000000000000000000000000000000F0A0F0A0F0A0F0A0F0A0F0A0F0A0F0AC0
:202C4C00D070F050D070F050DF7FC07F7F3F3F000000000000000000FFFF00FFFFFFFF00D4
:102C6C000B0E0F0A0B0E0F0AFBFE03FEFEFCFC0004
:020000040000FA
:040560004A72DBC040
:020000040001F9
:0640D600FFE400FFD0E052
:202C7C00000000000000000000000000000000000F00000000000000000000000000000029
:202C9C00000000000F0000000000000000000000000000000000000F0F0F000000000F0FBE
:202CBC000F0F0000000000000F0F0F0F0F0F0F0F00000F0F0F0F0000000000000F0F0F0FEA
:202CDC000F0F0F0F0000000000000000000000000F0F0F0F0F0F0F0F000000000000000024
:202CFC00000000000F0F0F0F0F0F0F0F0000000000000000000000000F0F0F0F0F0F0F0FC8
:202D1C000000000000000000000000000F0F000000000F0F0000000000000000000000005B
:202D3C000F0F000000000F0F000000000000000000000000000000000000000000000F0F1D
:202D5C000F0F0F0F00000000000000000000000000000F0F0F0F0F0F0000000000000000C1
:202D7C000000000000000F0F0F0F0F0F00000000000000000000000000000F00000F0F0FA1
:202D9C00000000000000000000000000000000000000000000000000000000000000000017
:202DBC000000000000000000000000000000000000000000000000000000000000000000F7
:082DDC000000000000000000EF
:1E40DC0025120155756A0401530180140001FFFF0DFFFF0063F0022101C606570300C6
:202DE400030E0101051B4301141200000100000004C07F059C40047C6C05D64005D94005E3
:202E0400DC4000000000000000000004E46D00000000000000140000000000000000000029
:202E240000000000000000000000000000000000000000000000000000000000000000008E
:202E440000000000000000000000000000000000000000000000000000000000000000006E
:202E640000000000000000000000000000000000000000000000000000000000000000004E
:202E840000000000000000000000000000000000000000000000000000000000000000002E
:202EA40000000000000000000000000000000000000000000000000000000000000000000E
:202EC4000000000000000000000000000000000000000000000000000000000000000000EE
:202EE4000000000000000000000000000000000000000000000000000000000000000000CE
:202F04000000000000000000000000000000000000000000000000000000000000000000AD
:202F240000000000000000000000000000000000000000000000000000000000000000008D
:202F440000000000000000000000000000000000000000000000000000000000000000006D
:202F640000000000000000000000000000000000000000000000000000000000000000004D
:0B2F8400000000000000000000000042
:2040FA00251204140000FFFC33FFFC5577340401530180140001FFFC0DFFFC0063F00221C7
:06411A0001C60657030078
:202F8F00141200000000000004EB7F05B84004276E05D64005D94005FA4000000000000080
:202FAF000000000000000000000000000014000000000000000000000000000000000000EE
:202FCF000000000000000000000000000000000000000000000000000000000000000000E2
:202FEF000000000000000000000000000000000000000000000000000000000000000000C2
:20300F000000000000000000000000000000000000000000000000000000000000000000A1
:20302F00000000000000000000000000000000000000000000000000000000000000000081
:20304F00000000000000000000000000000000000000000000000000000000000000000061
:20306F00000000000000000000000000000000000000000000000000000000000000000041
:20308F00000000000000000000000000000000000000000000000000000000000000000021
:2030AF00000000000000000000000000000000000000000000000000000000000000000001
:2030CF000000000000000000000000000000000000000000000000000000000000000000E1
:2030EF000000000000000000000000000000000000000000000000000000000000000000C1
:20310F000000000000000000000000000000000000000000000000000000000000000000A0
:03312F000000009D
:20412000251204140000FFFC33FFFC5542B40501530180140001FFFC0DFFFC0063F0022154
:2041400001C606570300141200000000000004C07F05724004CA6F05D64005D9400520413C
:2041600000000000000000000000000000000000000000140000000000000000000000002B
:01418000003E
:2031320000000000000000000000000000000000000000000000000000000000000000007D
:2031520000000000000000000000000000000000000000000000000000000000000000005D
:203172000F0F0F0F0F0F0F0F0F0F0F0F00000000000000000F0F0F000F0F0F0F0F0F0F0FE4
:2031920000000000000000000F0F0F000F0F0F0F0F0F0F0F00000000000000000F0F0F004B
:2031B200000000000000000F00000000000000000F0F0F00000000000000000F00000000B2
:2031D200000000000F000000000000000000000F00000000000000000F0F0F000000000092
:2031F2000000000F00000000000000000F0F0F00000000000000000F000000000000000072
:203212000F0F0F00000000000000000F00000000000000000F0F0F000000000000000F0F15
:2032320000000000000000000F0000000000000000000F0F00000000000000000F0F0F0F13
:203252000F0F0F0F0F0F0F0F000000000000000000000000000000000000000000000000E4
:2032720000000000000000000000000000000000000000000000000000000000000000003C
:08329200000000000000000034
:2041810025120155783E0401530180140001FFFF0DFFFF0063F0022101C6065703000A0D30
:2041A100010105F54201141200000100000004C07F05AA4004327105D64005D940058141BF
:2041C100000000000000000000059F410000000000000014000000000000000000000000E5
:0141E10000DD
:20329A00000000000000000000000000000000000000000000000000000000000000000014
:2032BA000000000000000000000000000000000000000000000000000000000000000000F4
:2032DA000000000000000000000000000000000000000000000000000000000000000000D4
:2032FA00000000000F0F0F0F0F0F0F0F0F0F0F0F0F0F0F0F0F0F0F0F0F0F000000000F0F4C
:20331A000F0F0F0F0F00000F000000000F0F0000000000000000000000000000000000001B
:20333A000F0F00000000000000000000000000000000000000000000000000000000000055
:20335A0000000000000000000000000000000F0F0F0F000000000000000000000000000017
:20337A0000000F0F0F0F0000000000000000000000000000000000000000000F0F000000D9
:20339A000F0F00000F0F0F0F0F0F0F0F0F0F0F0F0F0F0F0F0F0F0F0F0000000000000000C9
:2033BA000000000000000000000000000000000000000000000000000000000000000000F3
:2033DA000000000000000000000000000000000000000000000000000000000000000000D3
:0833FA000000000000000000CB
:2041E200251201557A080401530180140001FFFF0DFFFF0063F0022101C606570300040610
:204202000101054143010E06010105674301040C010105B34301141200000300000004C04F
:204222007F058040049A7205D64005D94005E2410000000000000000000500420000000080
:11424200000000140000000000000000000000000057
:203402000000000000000000000000000000000000000000000000000000000000000000AA
:2034220000000000000000000000000000000000000000000000000000000000000000008A
:203442000F0F0F0F0F0F0F0F0F0F0F0F00000000000000000F0F0F0F0F000F0F000F0F0F20
:2034620000000000000000000F0F0F0F0F000F0F000F0F0F00000000000000000F0F0F0F78
:203482000F000F0F000F0F0F00000000000000000F00000000000000000F0F0F0000000094
:2034A200000000000F00000000000000000F0F0F00000000000000000F00000000000000BF
:2034C200000F0F0F00000000000000000F00000000000000000F0F0F000000000000000081
:2034E2000F00000000000000000F0F0F00000000000000000F000000000000000000000F70
:2035020000000000000000000F000000000000000000000F00000000000000000F0F0F0F4F
:203522000F0F0F0F0F0F0F0F00000000000000000000000000000000000000000000000011
:20354200000000000000000000000000000000000000000000000000000000000000000069
:08356200000000000000000061
:20425300251201557BD20401530180140001FFFF0DFFFF0063F0022101C6065703000A0DC6
:204273000101058D4301141200000100000004C07F058E4004027405D64005D940055342C9
:2042930000000000000000000005714200000000000000140000000000000000000000003F
:0142B300000A
:020000040000FA
:0D0564008004800400048F6F100F02AE7F32
:20BFB600220130D9A1221900D9A3222900D9A7220FA0D9A5220098D9A92200E4D9AB2200E5
:20BFD600D0D9AD224000D9AF220700D9B1220200D9B3224E20D9B5220010DA49220008D932
:08BFF600BB220001DA320B004E
:020000040001F9
:20356A0012044000010103030202014974656D730A0201536176650A0201526573746172C2
:20358A007400470301050A000045FD120A45FF0D0A41FF00440301480302000001010103BF
:2035AA00000201020103010301030103020045FE120A44030145FD12001A0076540001000A
:2035CA0000011A0075D80002000001097623270103002BFFFC1A0076230001FFFC012E00A5
:2035EA00000000000000FFFC1A0075FE0001FFFC01097623400047616D65205361766564CD
:20360A00004703010414000045FF0E0041FF0044070145FE12004403011A00762F00030000
:20362A0000010976512103C6065701140000FFFC140400FFFD140400FFFE35FFFC3200FFCE
:20364A00FC270302054641097733400001010303020201576F6F64656E2053746166660A22
:20366A000201486F6C792052696E67004703010414000045FF0E0041FF0044030148020268
:20368A00000101010102000201020102010045FE12004403011A0076AB00010001010976B7
:2036AA00E740004120626173696320737461666620666F720A63617374696E672073706580
:2036CA006C6C732E004703010414000045FF0E0041FF0044070145FE12004403011A0076F9
:2036EA00F3000200010109772E40004120626C65737365642072696E6720746F0A67726181
:20370A006E74206865616C696E672E004703010414000045FF0E0041FF0044070145FE1201
:20372A0000440301140000000100120440000101030302020153746172740A02014C6F6188
:20374A00640A020145786974004703010514000045FF0D0041FF00440301480302000201C7
:20376A00010103000201020103010301030103020045FE12004403011A00781600010002DB
:20378A00011A0077970002000201097805270104002E00000000000000FFFC1A0077B100D4
:2037AA0001FFFC010977D640004C6F6164696E672E2E2E004703010414000045FF0E00412E
:2037CA00FF0044070145FE1200440301140000FFFC33FFFC40004E6F205361766520476146
:2037EA006D65004703010414000045FF0E0041FF0044070145FE12004403011A007811006C
:20380A00030002010978136C000978382103C6065701140000FFFC140380FFFD140500FFDD
:14382A00FE35FFFC3201FFFC27030205A741140000000200FF
:2042B40012042103C6065701140000FFFC140300FFFD140500FFFE35FFFC3200FFFC2703CD
:0542D40002048F6F00E1
:20383E0012044000010103030202014974656D730A0201536176650A0201526573746172EB
:20385E007400470301050A000045FD120A45FF0D0A41FF00440301480302000301010103E5
:20387E00000201020103010301030103020045FE120A44030145FD12001A0079280001005C
:20389E0003011A0078AC00020003010978F7270103002BFFFC1A0078F70001FFFC012E0045
:2038BE00000000000000FFFC1A0078D20001FFFC010978F7400047616D6520536176656449
:2038DE00004703010414000045FF0E0041FF0044070145FE12004403011A00790300030053
:2038FE0003010979252103C6065701140000FFFC140400FFFD140400FFFE35FFFC3200FF1E
:20391E00FC270302054641097A07400001010303020201576F6F64656E2053746166660A74
:20393E000201486F6C792052696E67004703010414000045FF0E0041FF0044030148020291
:20395E00000401010102000201020102010045FE12004403011A00797F0001000401097900
:20397E00BB40004120626173696320737461666620666F720A63617374696E6720737065D5
:20399E006C6C732E004703010414000045FF0E0041FF0044070145FE12004403011A00791F
:2039BE00C70002000401097A0240004120626C65737365642072696E6720746F0A677261FC
:2039DE006E74206865616C696E672E004703010414000045FF0E0041FF0044070145FE122B
:2039FE000044030114000000040012044000010103030202014974656D730A0201536176AD
:203A1E00650A02015265737461727400470301050A000045FD120A45FF0D0A41FF00440397
:203A3E0001480302000501010103000201020103010301030103020045FE120A440301450C
:203A5E00FD12001A007AF200010005011A007A760002000501097AC1270103002BFFFC1AEB
:203A7E00007AC10001FFFC012E00000000000000FFFC1A007A9C0001FFFC01097AC1400016
:203A9E0047616D65205361766564004703010414000045FF0E0041FF0044070145FE1200E5
:203ABE004403011A007ACD0003000501097AEF2103C6065701140000FFFC140400FFFD1445
:203ADE000400FFFE35FFFC3200FFFC270302054641097BD1400001010303020201576F6FDB
:203AFE0064656E2053746166660A0201486F6C792052696E67004703010414000045FF0E4F
:203B1E000041FF00440301480202000601010102000201020102010045FE12004403011AE8
:203B3E00007B490001000601097B8540004120626173696320737461666620666F720A63E7
:203B5E00617374696E67207370656C6C732E004703010414000045FF0E0041FF004407019F
:203B7E0045FE12004403011A007B910002000601097BCC40004120626C65737365642072F6
:203B9E00696E6720746F0A6772616E74206865616C696E672E004703010414000045FF0EC5
:203BBE000041FF0044070145FE1200440301140000000600120440000101030302020149F8
:203BDE0074656D730A0201536176650A02015265737461727400470301050A000045FD12D2
:203BFE000A45FF0D0A41FF004403014803020007010101030002010201030103010301034B
:203C1E00020045FE120A44030145FD12001A007CBC00010007011A007C4000020007010945
:203C3E007C8B270103002BFFFC1A007C8B0001FFFC012E00000000000000FFFC1A007C66CB
:203C5E000001FFFC01097C8B400047616D65205361766564004703010414000045FF0E00B7
:203C7E0041FF0044070145FE12004403011A007C970003000701097CB92103C6065701142B
:203C9E000000FFFC140400FFFD140400FFFE35FFFC3200FFFC270302054641097D9B40006C
:203CBE0001010303020201576F6F64656E2053746166660A0201486F6C792052696E670000
:203CDE004703010414000045FF0E0041FF0044030148020200080101010200020102010228
:203CFE00010045FE12004403011A007D130001000801097D4F400041206261736963207349
:203D1E007461666620666F720A63617374696E67207370656C6C732E004703010414000046
:203D3E0045FF0E0041FF0044070145FE12004403011A007D5B0002000801097D9640004150
:203D5E0020626C65737365642072696E6720746F0A6772616E74206865616C696E672E0024
:203D7E004703010414000045FF0E0041FF0044070145FE1200440301140000000800180013
:203D9E0002027D7F81FF02FEF2FEFC0CFC2CFC2CFC04FC1CFC04F8F818F838F8C8F890F0B5
:203DBE00000000007F7F407F203F213F2D3E3F303F301F1C0F0805070F090F091F1F1E1E18
:203DDE00F8F808F804FC02FE0CFC08F83CF4FCC4F818E020D8F81CE4DCE438F820E0C0C08D
:203DFE0000007F7F80FF447F4A7F407FE0BFF09F7F6F1F106F7FE09FEC9F737F131F0C0C5E
:203E1E000000F8F804FC04FC72FEFC8CFE2AFE22FC8CF010ECFC9EF29EF2FCFC90F060608C
:203E3E003E3E417F80FF407F2E3F3F317F547F443F310F08373F794F794F3F3F090F060648
:203E5E007C7C82FE01FF3AFE7CC4FC0CFC0CFC04FC04FC04E8F83CE43CE4FCFC787870705C
:203E7E0000001F1F203F407F203F233F273C273C1F130F08070704070C0F131F090F06066E
:203E9E000000FCFC02FE44FCA4FC04FC0EFA1EF2FCECF010E8F80CFC6CFC98F890F060600C
:203EBE003E3E213F407F80FF607F203F785F7E473F310F08777F90FFF09F7F7F0E0E00003B
:203EDE007C7C82FE01FF02FE36FEFCCCFE0AFE12FCCCF010E8F89CFCFCFC90F090F0606040
:203EFE0000001F1F203F203F4F7F3F307F507F423F300F08373F794F794F3F3F0E0E0000B5
:203F1E000008080000F80A00800000000008000000F80200800000000008040000F8060065
:203F3E00800000000000002000080220800000000008140000F8160080000000000014203B
:203F5E00000816208000000000080C0000F80E00800000000008100000F812008000000049
:203F7E0000001020000812208000000000000C2000080E20800000001E7F2A7F367F427F9B
:203F9E004E7F5A7F667F2A7F727F7E7F8A7F427F00000101020203030405060708090A0BCF
:153FBE0000000C00F0967FAE7FBE7F000FF807049C7D00000048
:0342D900000000E2
:203FD30080000000D37F0000000000000000000000000000000000000100E0D77FD97FE984
:0B3FF3007F000FF80705D94200000016
:2042DC0080000000DC42010000E04200000000000000000000000000002512042103C606D6
:2042FC005701140000FFFC140280FFFD140480FFFE35FFFC3200FFFC270302051842002507
:20431C0012042103C6065701140000FFFC140180FFFD140580FFFE35FFFC3202FFFC270364
:20433C0002051842002512042103C6065701140000FFFC140480FFFD140600FFFE35FFFC93
:20435C003202FFFC27030205A741002512042103C6065701140000FFFC140400FFFD140639
:20437C0080FFFE35FFFC3202FFFC270302057942002512042103C6065701140000FFFC14B3
:20439C000680FFFD140400FFFE35FFFC3200FFFC270302051842002512042103C6065701FF
:1D43BC00140000FFFC140180FFFD140800FFFE35FFFC3200FFFC27030204EC6D0045
:020000040000FA
:100571001E03212E40C3F5391E03212543C3F5393E
:20EEFE002117C536002118C536002119C53608211AC53608C9E8F2F804AF22360421FFC484
:20EF1E0036002116C6562114C64E79E602F80D7779E6014779E6045F79E6084FCB4A200CC4
:20EF3E00FA16C6B7200CF80D7EB72806F80536031837CB422009FA16C6B72009B02806F84B
:20EF5E000536011824CB522009FA16C6B72009B32806F80536021811CB5A2009FA16C6B705
:20EF7E002007B12804F8053600F80D7EB7281F21FFC436017BB72806F80436E0184F79B797
:20EF9E002806F80436A01845F80436C0183F78B7281F21FFC436017BB72806F80436201852
:20EFBE002C79B72806F80436601822F8043640181C7BB7280B21FFC43601F8043600180D60
:20EFDE0079B7280921FFC43601F8043680FAFFC4B7CAFB7421B2C02A4F463333C521B4C026
:20EFFE002A4F46F80279227001C0C00AF80977F8007EF80C77F8017EF80D7711DD1AF80444
:20F01E006E2600194D440A4FF8095E79CDA90DF80A792270F80BCB2E2BCB1E23CB2E2BCBB1
:20F03E001E23CB2E2BCB1E23CB2E2BCB1E23CB2E2BCB1E23CB2E2BCB1E23CB2E2BCB1E2A7A
:20F05E004F2A472A666F094D443333C5F8027EF80C77F8037EF80D77F8047EC6405F21DD49
:20F07E001A1600194EF8095E79CDA90DF80A792270F80BCB2E2BCB1E23CB2E2BCB1E23CB45
:20F09E002E2BCB1E23CB2E2BCB1E23CB2E2BCB1E23CB2E2BCB1E23CB2E2BCB1E2A4F2A4766
:20F0BE002A5F567B915F7A984B47F80279227021B4C02A4F46CB38CB19CB38CB19CB38CB4F
:20F0DE0019CB38CB19FAB9C0F80C22079F77F807792270F80C3A2B77F80D3A2B322A5F56F7
:20F0FE00F8072A666F19E57DF80E77E17CF80D322A4F46CB38CB19CB38CB19CB38CB197183
:20F11E00FABAC0F80C773A22079F323A2B77F80C3A2B322A5F56F8072A666F19E57DF80DDA
:20F13E0077E17CF80C322A4F46CB38CB19CB38CB19CB38CB19793CF80677C1C5CB38CB199C
:20F15E00CB38CB19CB38CB19CB38CB19F80B792270F8047ED680D2AF72FAB8C04F079F475D
:20F17E00F80B2A666F094D44CB38CB19CB38CB19CB38CB19F80771F8067EF80D96CA5E72FF
:20F19E00F8077E212BC5963045F80D7E212CC596303CFA28C5F80877FA2BC5F80922360080
:20F1BE00F80D3A2B223600F8092A234F06005E1600CDBA0D792129C586234F788E47F807F8
:20F1DE006E2600095D54F8087ECD211518020E0FCB512866F8077EF80C22AF327EF808223D
:20F1FE0036003E03F808CB2623CB163D20F6FAB8C0F80D77F80A22079F322B2B2A5F2A57E8
:20F21E002A666F7B955F7A9CF80D32733E04F80CCB2623CB163D20F62B2A5F562101007B6D
:20F23E00955F7A9CF80B32732A23322A23327EF80077F80D7EF801771806F80D34C3957100
:20F25E0001B2C0FAB8C05F079F57212DC52A935F7E9A577BC6FF5F7ACEFFCB238FCB238FD1
:20F27E00CB238FCB238FF80A732377F8007EF80C77F8017EF80D77F80A2A5F2A577B962343
:20F29E007A9E3805F80C2A5F567B02037A02C35973FAB7C04F079F47F80B2A666F095D4C2C
:20F2BE00CB39CB1BCB39CB1BCB39CB1BF80D56F8067E9228697B212BC59630377A212CC563
:20F2DE00963030FA28C5F80D77212BC54E06006A2600D55D54CDBA0DD1792129C586234F57
:20F2FE00788E476B260009D5E5F8117ED1CD2115D118020E0FCB5928226B2600232929294F
:20F31E004D44FAB7C05F079F5779936F789A6729292929234D443333C51803141891F8002A
:20F33E002A4F7EF80C712377CB7E28042BAF2277F80C2A4F4621B2C079227021B2C02A4F54
:20F35E0046CB38CB19CB38CB19CB38CB19CB38CB19FAB7C06F079F6709545DCB3ACB1BCB50
:20F37E003ACB1BCB3ACB1BF80D73FAB8C06F079F6709CB3CCB1DCB3CCB1DCB3CCB1D7D3C6F
:20F39E00F80C77F8022A4F2A47CB38CB19CB38CB19CB38CB19CB38CB193E4096D266747E16
:20F3BE00D6C0D26674FABAC06F079F6709444DCB38CB19CB38CB19CB38CB19F80B71F80C36
:20F3DE002A962876F80D7E212BC5963038F80B7E212CC596302FFA28C5F80A77212BC54ED8
:20F3FE000600F80B5E1600CDBA0D792129C586234F788E47F80D6E2600095D54F80A7ECD71
:20F41E0021157918023E0F0F302BF80B7E0E0087CB1187CB1187CB1121BAC06EF57D079F75
:20F43E0067F1956F799C67292929294D440BF8027922701805F80D341884F8022A4F4621C5
:20F45E00B4C0792270C3FB74FAB9C06F079F6709CB3CCB1DCB3CCB1DCB3CCB1D5DF80C2A8D
:20F47E0096286FF80D7E212BC59630377B212CC59630302128C556212BC54E06006B2600D3
:20F49E00D55D54CDBA0DD1792129C586234F788E47F80D6E2600094D44D57A5950CD211568
:20F4BE00D118020E0FCB4928241C6B26002929294D44FAB9C05F079F5779936F789A672921
:20F4DE00292929234D44F8027922701805F80D34188BF8022A4F4621B4C0792270F8057E0D
:20F4FE00D604281AFAFFC4F533F8067EF53311B1C0D51E01215446CDF539E804180D11B14A
:20F51E00C0D51E0121F545CDF539E1010000FA33DAE6013D2036AFF53311B2C0D511B7C0A9
:20F53E00D51E03217052CDF539E805B7207BAFF5331E01214148CDF5393378B1280E212F1D
:20F55E0000097EB728062101C5792270FA15C616002F5F7A2F57FA14C62E00A35F7DA2CBC8
:20F57E0063284678B120113E01F5333E08F5331E01218D47CDF539E178B1282D212F0009A6
:20F59E007EB72025212500097EB7281D234E2346110000D52601E533110000D5C5F5331E1A
:0CF5BE000221F76FCDF539E808E80EC90E
:020000040001F9
:1143D9002117C536002118C536002133DA3600C9C976
:020000040000FA
:2061C400E8FAAF219DD92277FAB1D9EA9FD9FAB2D9EAA0D93E02219FD9CB2623CB163D2001
:2061E400F521B6C07EFE022803B72002360111B2C01AF80422131A322A4F46CB38CB19CBCB
:2062040038CB19CB38CB19CB38CB19CB38CB19CB38CB19CB38CB19F8007121B4C02A4F461E
:20622400CB38CB19CB38CB19CB38CB19CB38CB19CB38CB19CB38CB19CB38CB19792199D9FD
:2062440036003DF80577F8007E212BC5963044F8057E212CC596303BFA28C5F80177FA2BB8
:20626400C5F80222AF22233A223600F8022A234F06005E1600CDBA0D792129C586234F7817
:206284008E47F8006E2600095D54F8017ECD21157918023E0FE6F0D6102071FAB8C04F0770
:2062A4009F47FAB7C05F079F5779934F789A47CB28CB19F80046AF686729292923232323D9
:2062C400790600834F788A477D916F7C9867292929294D4421B2C079227021C1C036062156
:2062E400D0C04604FACFC0C533F53311B1C0D51E01215245CDF539E80401BCC00AEABDC014
:206304000A3CEABEC0219CD936011812219CD9360011B1C0D51E0121F545CDF539E1211723
:20632400C536002118C536002119C53604211AC536102133DA3600E806C9E8E9FAB8C04FFE
:20634400079F47FAB7C0F81522079F322A5F5679935F789A474BCB28CB1921B2C02A476E9D
:206364005855CB3ACB1BCB3ACB1BCB3ACB1BCB3ACB1BF8152A46835F788A57F8057922AFC1
:20638400327EF81522AF322A666F194D44CB38CB19CB38CB19CB38CB19F80B7121B4C02AA8
:2063A4004F46CB38CB19CB38CB19CB38CB19CB38CB19FAB9C06F079F6709234D44CB38CB2E
:2063C40019CB38CB19CB38CB19F80A71FA14C6F81477F80B7E212BC5963E0017F80C77FA16
:2063E40028C5F80D77FA2BC5F80E223600F8147EE604F81077F8147EE608F81177F8143AB7
:206404002BE60222233AE60177FA9CD9B7CAEB66AF219FD92277F8107EB72853F80C7EB775
:2064240028312B2B7E212CC5963028F80A5E1600F80E4E0600CDBA0D792129C586234F78CF
:206444008E47F80B6E2600095D54F80D7ECD21157918023E0FE6F0D610C2CF66AF21A5D9AB
:2064640096EA9FD99F21A6D996EAA0D9C3CF66F8117EB7CA476511B4C01AF81522131A320F
:206484003A2B77F8163A2B77CB3E2BCB1E23CB3E2BCB1E23CB3E2BCB1E23CB3E2BCB1EFA5B
:2064A400BAC0F816773A22079F77F8133A2B77F8143A2B77F8153A2B77F8163A2B322A5F7A
:2064C40056F8112A666F19E57DF81777E17CF816322A5F566B6223E57DF81577E17CF8149E
:2064E400322A23322A2377CB3E2BCB1E23CB3E2BCB1E23CB3E2BCB1E5EF80C7EB7282C7B20
:20650400212CC59630251600F80E4E0600CDBA0D792129C586234F788E47F80B6E26000909
:206524005D54F80D7ECD21157918023E0FE6F0D610C2CF66FAA5D9EA9FD9FAA6D9EAA0D9D7
:20654400C3CF66F80B7EF81677F8127EB7CA0F66219CD9360021B4C02A4F46CB38CB19CBE9
:2065640038CB19CB38CB19CB38CB19FAB9C06F079F67095D54CB3ACB1BCB3ACB1BCB3ACBDE
:206584001BF81573FABAC06F079F6709CB3CCB1DCB3CCB1DCB3CCB1D7D3CF80E77F8157ED5
:2065A400F80E96CACF66F8167E3DF80F77212BC5963045F8157E212CC596303CFA28C5F85B
:2065C4001077FA2BC5F811223600F8153A2B223600F8112A234F06005E1600CDBA0D7921CE
:2065E40029C586234F788E47F80F6E2600095D54F8107ECD211518020E0FCB592808219C3E
:20660400D93601C3CF66F815341892F8137EB7CACF66219CD9360021B4C02A4F46CB38CB56
:2066240019CB38CB19CB38CB19CB38CB19FAB9C06F079F67095D54CB3ACB1BCB3ACB1BCB3E
:206644003ACB1BF81573FABAC06F079F6709CB3CCB1DCB3CCB1DCB3CCB1D7D3CF80E77F8A2
:20666400157EF80E962864F8167E3CF80F77212BC5963045F8157E212CC596303CFA28C573
:20668400F81077FA2BC5F811223600F8153A2B223600F8112A234F06005E1600CDBA0D7936
:2066A4002129C586234F788E47F80F6E2600095D54F8107ECD211518020E0FCB5128072101
:2066C4009CD936011805F81534189421B4C02A4F4621A0D95E7B079F576B62094D4421B400
:2066E400C0792270C34B76F8147EE620322B7EB7CAF667AF21A1D996234F9F9647F8147EA6
:20670400B72877FA9DD921ABD996219DD9227E21ACD99EEA9ED911000021A7D92A666F7B6C
:20672400955F7A9CF8143273119DD91A1396231A9E1A57CB7E2807CB7A2008BF1805CB7AFE
:206744002801373007F8132A4F561825219DD9799623789E7857CB7E2807CB7A2008BF181D
:2067640005CB7A2801373003501806219DD92A4F56219DD9792272C36869FA9DD921A9D919
:2067840096219DD9227E21AAD99EEA9ED911000021A3D92A666F7B955F7A9CF81432731191
:2067A4009DD91A1396231A9E1A57CB7E2807CB7A2008BF1805CB7A2801373007F8132A5F1F
:2067C400561826219DD9799623789E7857CB7E2807CB7A2008BF1805CB7A28013730045980
:2067E400501806219DD92A5F56219DD97B2272C36869F8137EB7CAEB68FAA1D9F81277FA2B
:20680400A2D9F813227EB72871FA9DD921ABD986219DD9227E21ACD98EEA9ED9119DD921EF
:20682400A1D91A1396231A9E1A57CB7E2807CB7A2008BF1805CB7A2801373007F8122A5F9B
:206844007E182E11A7D9219DD91A1396231A9E1A57CB7E2807CB7A2008BF1805CB7A28010A
:2068640037300821A7D92A5F7E1806219DD92A5F7E219DD9732377C36869FA9DD921A9D9F6
:2068840086219DD9227E21AAD98EEA9ED9119DD921A1D91A1396231A9E1A57CB7E2807CB30
:2068A4007A2008BF1805CB7A2801373006F8122A46182C11A3D9219DD91A1396231A9E1AE1
:2068C40057CB7E2807CB7A2008BF1805CB7A280137300721A3D92A461805219DD92A46216E
:2068E4009DD92270C36869FA99D9B72877219ED9CB7E28362B7E21ADD986219DD9227E21C9
:20690400AED98E219ED932AF96233E009E3E0057CB7E2807CB7A2008BF1805CB7A28013755
:206924003042AF219DD92277183A219DD9AF96233E009E3E0057CB7E2807CB7A2008BF1884
:2069440005CB7A280137301CFA9DD921ADD996219DD9227E21AED99E219ED977CB7E28048F
:206964002BAF2277F80B7E160087CB1287CB1287CB125F21040019E57DF81577E17CF814F1
:2069840077F8107EB7CA786A2311B4C01A22131A327EF80977F8127EF80A77CB3E2BCB1E3C
:2069A40023CB3E2BCB1E23CB3E2BCB1E23CB3E2BCB1EFAB9C0F812773A22079F77F8093A6B
:2069C4002B77F80A3A2B77F8117EF80977F8127EF80A322A5F56F8072A666F19E57DF81315
:2069E40077E17CF81277CB3E2BCB1E23CB3E2BCB1E23CB3E2BCB1E2A77F80C7EB72837F870
:206A0400127E212CC596302EF8123A223600F80E4E0600F8115E1600CDBA0D792129C586C7
:206A2400234F788E47F80B6E2600095D54F80D7ECD21157918023E0FE6F0D610C2186BFAE1
:206A4400B7C04F079F47F8052A666F094D44F8132A5F567B915F7A986B67292929294D447B
:206A640021B2C0792270219CD93601AF219DD92277C3186BF8117EB7CA186B21B4C02A4FE9
:206A840046CB38CB19CB38CB19CB38CB19CB38CB19FABAC06F079F6709234DCB3CCB19CBF1
:206AA4003CCB19CB3CCB19F80C7EB7282D79212CC5963026591600F80E4E0600CDBA0D79EC
:206AC4002129C586234F788E47F80B6E2600095D54F80D7ECD21157918023E0FE6F0D610EB
:206AE4002032FAB7C04F079F47F8052A666F094D44F8132A5F567B915F7A986B6729292949
:206B0400294D4421B2C0792270219CD93601AF219DD92277FA14C6CB67281B21A0D9CB7E41
:206B240028142B7E21B3D986219FD9227E21B4D98EEAA0D91813FA9FD921B1D986219FD9FA
:206B4400227E21B2D98EEAA0D9FA9AD9F81477219AD9360021B4C02A4F46CB38CB19CB38FC
:206B6400CB19CB38CB19CB38CB19FAB9C06F079F67095D54CB3ACB1BCB3ACB1BCB3ACB1BF5
:206B8400F80773FABAC06F079F67094D44CB38CB19CB38CB19CB38CB19F813717E3CF8080A
:206BA4007721B2C02A4F463333C5219ED95E7B079F577B814F7A88F809712377FA28C5F837
:206BC4000B77FA2BC5F80C223600F8097EF80E77F80A7EF80F77CB2E2BCB1E23CB2E2BCBD0
:206BE4001E23CB2E2BCB1E23CB2E2BCB1EF8147EE660F81077F8147EE610F81177219DD92D
:206C0400AF96233E009E3E0057CB7E2807CB7A2008BF1805CB7A280137D2E46DFAB8C04F4D
:206C2400079F47F80E2A666F094D44CB28CB19CB28CB19CB28CB19F81271FAB7C04F079F5E
:206C440047F80E2A666F094D44F8052A666F09234D44CB28CB19CB28CB19CB28CB19F80F05
:206C6400717E212BC5963030F8137E212CC5963027F8135E1600F80C4E0600CDBA0D79218D
:206C840029C586234F788E47F80F6E2600095D54F80B7ECD211518020E0F79E660280A219B
:206CA4009AD971F8137EEA9BD9F80FAF227EF81377F8072A96CAB26DF8127E212BC5963026
:206CC40038F8077E212CC596302FFA28C5F81077212BC54E0600F8075E1600CDBA0D792188
:206CE40029C586234F788E47F8126E2600095D54F8107ECD21157918023E0F47E6602804E3
:206D0400F80F3601F8074E0CCB50CAAC6D219AD95E7BE660477BE6105FF80F7EB72008FAB2
:206D24009BD9F80796202078B728047BB7280CF8137EB728122B2B7EB7200CFA9BD9F807A7
:206D440096380471C3B56CF80F7EB7282378B728047BB7200CF8137EB728152B2B7EB72898
:206D64000FF8077E219BD9963806F80771C3B56CF8124EAF47CB21CB10CB21CB10CB21CB33
:206D840010FAB8C05F079F5779936F789A67292929294D4411010079935F789AF80A3273B2
:206DA400AF219DD922771806F80771C3B56CFAB8C04F079F47212DC52A914F7E984769608D
:206DC4002B292929294D44F8092A5F567993789A3805F8092A4F4621B2C0792270C3C06FC4
:206DE400FA9ED9CB7FCAC06FFAB7C04F079F47F80E2A666F094D445950CB2ACB1BCB2ACB4B
:206E04001BCB2ACB1BF81273F8052A666F09235D54CB2ACB1BCB2ACB1BCB2ACB1B7B212BCA
:206E2400C5963038F8137E212CC596302FF8137EF80E223600D5F80E2A234F06005E160023
:206E4400CDBA0DD1792129C586234F788E5779835F300114F80B7ECD211518020E0F79E632
:206E640060280A219AD971F8137EEA9BD921B4C02A4F46CB38CB19CB38CB19CB38CB19CBBC
:206E840038CB19FAB9C06F079F67094D44CB38CB19CB38CB19CB38CB19F80E7922AF227EA4
:206EA400F81377F8087EF80E96CAAA6FF8127E212BC5963046F80E7E212CC596303DFA28EF
:206EC400C5F81077FA2BC5F806223600F80E3A2B223600F8064E0600F80C5E1600CDBA0D09
:206EE400792129C586234F788E47F8126E2600095D54F8107ECD21157918023E0F47E66073
:206F04002804F80F3601F80E4E0CCB58CAA46F219AD95E7BE660477BE6105FF80F7EB7207D
:206F240008FA9BD9F80E96202078B728047BB7200CF8137EB728122B2B7EB7280CFA9BD99B
:206F4400F80E96380471C3A76EF80F7EB7282378B728047BB7280CF8137EB728152B2B7E73
:206F6400B7200FF80E7E219BD9963806F80E71C3A76EF8124E06006960232929294D44FA9B
:206F8400B7C05F079F5779936F789A6729292929234D44F809792270AF219DD922771806C5
:206FA400F80E71C3A76EF80ACB7E28050100001805F8092A4F4621B2C0792270FA99D9F826
:206FC400027721B4C02A4F7EF8037123772199D93600F8147EB728052199D9360121B2C00E
:206FE4002A4F46CB38CB19CB38CB19CB38CB19CB38CB19FAB7C05F079F576B6209E57DF835
:207004001577E17CF814322A5F56CB3ACB1BCB3ACB1BCB3ACB1BF80573FAB8C06F079F6747
:2070240009CB3CCB1DCB3CCB1DCB3CCB1D7D3CF8067721A0D94E79079F47F81179227021C5
:207044009FD9AF96233E009E3E0057CB7E2807CB7A2008BF1805CB7A280137D2307521B429
:20706400C02A4F465950F8112A666F19E57DF80977E17CF80877CB38CB19CB38CB19CB3844
:20708400CB19CB38CB19FABAC05F079F576B6209CB3CCB1DCB3CCB1DCB3CCB1D7D3DF809F3
:2070A400322B7EF80A322B7EF80B77CB3E2BCB1E23CB3E2BCB1E23CB3E2BCB1E23CB3E2BA6
:2070C400CB1E2A666F194D44CB38CB19CB38CB19CB38CB19F80C71F8027EB72814F8094E36
:2070E400AF4703F80C5E16007B9120057A90200134F8132A5F2A572A666F19234D44F80DA5
:20710400792270CB3E2BCB1E23CB3E2BCB1E23CB3E2BCB1E7EF81577F80E7EF816773E0377
:20712400F815CB2623CB163D20F62B2A5F5679935F789AF8103273F80C7EF80996DA1E743D
:20714400F80D7EF81177212BC5963046F8097E212CC596303DFA28C5F81277FA2BC5F8131A
:20716400223600F8097EF815223600F8132A234F06005E1600CDBA0D792129C586234F7822
:207184008E47F8116E2600095D54F8127ECD211518020E0FF8137922AF227779E660CAED99
:2071A4007279E6F0F81677F8094EAF69672929294D44F8167ED6202039110800F80F2A6620
:2071C4006F7B955F7A9CF81632732A666F094D44FABAC05F079F5779936F789A672929292C
:2071E400294D4411010079935F789AF8153273C3ED72F80F2A5F56CB3ACB1BF8167ED640FB
:20720400202C3E08936F9F9267094D44FABAC06F079F6779956F789C67292929294D441176
:20722400010079935F789AF8153273C3ED72F8167ED660202C3E04936F9F9267094D44FA7A
:20724400BAC06F079F6779956F789C67292929294D4411010079935F789AF8153273C3ED16
:2072640072F8167ED6302029F80F2A666F094D44FABAC06F079F6779956F789C67292929BA
:20728400294D4411010079935F789AF815327318587B814F7A8847F8167ED6502025FABA40
:2072A400C05F079F5779934F789A4721040009292929294D4411010079935F789AF81532C9
:2072C400731826F8167ED670201FFABAC05F079F5779936F789A67292929294D44110100DD
:2072E40079935F789AF8153273F8097E3CF816323AB6CA1574F8027EB72017F8075D54F80F
:20730400141A1396231A9E3009F8167EF80977C33B71F8142A4F46CB38CB19CB38CB19CBA7
:2073240038CB19CB38CB19FAB9C06F079F67094D44CB38CB19CB38CB19CB38CB19F812718D
:20734400F8057EF81677F8167EF80696CAE773F8167E212BC5963037F8127E212CC59630EB
:207364002EFA28C5F81177212BC54E0600F8125E1600CDBA0D792129C586234F788E47F838
:20738400166E2600095D54F8117ECD211518020E0FCB492848AF219FD92277AF219DD922F7
:2073A40077F8037EF81577F8047EF8163211B4C02A12137E12F8007EF81577F8017EF816B8
:2073C4003211B2C02A12137E122199D93601F8137EEA9AD9F8097EEA9BD9C31A76F81634F3
:2073E400C34A73F8147EF81177F8157EF8123211B4C02A12137E12AF219FD922772199D960
:207404003601F8137EEA9AD9F8097EEA9BD9C31A76F8167EF80977C33B7121B2C02A4F4656
:20742400CB38CB19CB38CB19CB38CB19CB38CB19FAB7C06F079F67095D54CB3ACB1BCB3A15
:20744400CB1BCB3ACB1BF81673FAB8C06F079F6709CB3CCB1DCB3CCB1DCB3CCB1D7D3CF861
:207464001577FABAC04F079F47F80A2A666F094D44CB38CB19CB38CB19CB38CB19F80F7104
:20748400F8163A96CA2275F8167E212BC5963047F80F7E212CC596303EFA28C5F81077FA04
:2074A4002BC5F811223600F80F7EF813223600F8112A234F06005E1600CDBA0D792129C554
:2074C40086234F788E47F8166E2600095D54F8107ECD21157918023E0F0F303CF80F7E0E90
:2074E4000087CB1187CB1187CB1121BAC06EF57D079F67F1956F799C67292929294D441120
:20750400010079935F789AF80832732199D93601AF219FD922771806F81634C38474F8077F
:207524002A4F4621B4C0792270C31A76FAA0D9CB7FCA1A7621B4C02A4F46F8112A666F0919
:20754400E57DF81677E17CF815322A4F46CB38CB19CB38CB19CB38CB19CB38CB19FAB9C0D6
:207564006F079F67094D44CB38CB19CB38CB19CB38CB19F81371F8057EF81677F8067EF84C
:207584001696CA0F76F8167E212BC5963045F8137E212CC596303CFA28C5F80E77FA2BC559
:2075A400F80F223600F8133A2B223600F80F2A234F06005E1600CDBA0D792129C586234F6F
:2075C400788E47F8166E2600095D54F80E7ECD211518020E0FCB49282CF8136E2C260029E4
:2075E40029294D44FAB9C05F079F5779936F789A6729292929234D44F814792270AF219F03
:20760400D922771806F81634C38075F8142A4F4621B4C0792270119FD921B5D91A13962353
:207624001A9E1A57CB7E2807CB7A2008BF1805CB7A2801373007219FD92A46180521B5D9AB
:207644002A46219FD92270FA15C62F2114C6A6E604F53311B2C0D511B7C0D51E032170521B
:20766400CDF539E8054FB7C23378F8163601AFF5331E01214148CDF5393378B12810212FE7
:2076840000097EB728082101C5792270186CFA15C616002F5F7A2F57FA14C62E00A35F7D08
:2076A400A257FA14C6E6102E00A35F7DA2B3284A78B120113E01F5333E08F5331E01218D93
:2076C40047CDF539E178B12831212F00097EB72029212500097EB72821234E234611000072
:2076E400D52601E533110000D5C5F5331E0221F76FCDF539E808F81636002115C64E060079
:20770400792F4F782F472114C65E160079A34F78A2477EE6105F160079A34F78A2B12821DD
:20772400FA99D9B7281BF8167EB72815AF21AFD996EA9FD99F21B0D996EAA0D92199D93604
:2077440000FA9CD9B7283621C1C03606FAD0C03C21CFC046F533C53311B1C0D51E012152FE
:2077640045CDF539E80421A0D93AB6C2337801BCC00AEABDC00A3CEABEC0C33378FA99D96C
:20778400B72865FA9ED9CB7F28193E01F5333E03F53311B1C0D51E01215446CDF539E804BD
:2077A400C33378219DD9AF96233E009E3E0057CB7E2807CB7A2008BF1805CB7A2801373051
:2077C400183E01F5333E01F53311B1C0D51E01215446CDF539E804185611B1C0D51E0121A2
:2077E400F545CDF539E11847FAB6C0D603202121C1C03600FAC4C03C21C3C046F533C533EA
:2078040011B1C0D51E01215245CDF539E804181F21C1C03602FAC8C03C21C7C046F533C5A5
:127824003311B1C0D51E01215245CDF539E804E817C942
:20F5CA002117C536002118C536002119C53618211AC5361821B6C0360121C1C0360021C494
:20F5EA00C04604FAC3C0C533F53311B1C0D51E01215245CDF539E804C9E8F521FFC4360085
:20F60A002114C64E79E6044779E608CB49281821FFC43601040528040EE01842B728040EA9
:20F62A00A0183B0EC01837CB41281821FFC43601040528040E201826B728040E60181F0E12
:20F64A0040181B0405280921FFC436010E00180EB7280921FFC436010E8018020E00FAFFF2
:20F66A00C4B7CAED7711C0C01AF8082211B2C01A22131A7721DD1A06000946C5F80A5E789D
:20F68A00CDA90D5950C1CB2ACB1BCB2ACB1BCB2ACB1BCB2ACB1BCB2ACB1BCB2ACB1BCB2A5C
:20F6AA00CB1BF8092A462B835F788A73233211B2C02A12137E1221B4C02A666F79C640C6D7
:20F6CA00DD4F3E00CE1A470A4FE5E5F80C5EE179CDA90DE1CB28CB19CB28CB19CB28CB19BF
:20F6EA00CB28CB19CB28CB19CB28CB19CB28CB197D914F7C984721B4C079227021B2C02A8F
:20F70A004F46CB38CB19CB38CB19CB38CB19CB38CB19FAB7C0F80922079F322A5F56799357
:20F72A005F789A57212DC52A937E9A3017F8092A4687CB1087CB1087CB1087CB1021B2C03C
:20F74A002270182BFAB8C05F079F577B814F7A8847212DC52A917E9830152B2A934F7E9AF0
:20F76A00476960292929294D4421B2C079227021B4C02A4F46CB38CB19CB38CB19CB38CBAC
:20F78A0019CB38CB19FAB9C05F079F57F8097922704B423A6E67094D44212FC52A917E9868
:20F7AA0030146B6229292929AF954F9F944721B4C0712370182DFABAC04F079F47F8092AC4
:20F7CA00666F095D54212FC52A937E9A30152B2A914F7E98476960292929294D4421B4C03C
:20F7EA0071237011B2C0D511B7C0D51E03214951CDF539E804F80077AFF5331E0121414874
:20F80A00CDF53933F8007E3C2815F8005EAF6B67292929111AC819232323237EB72003AFD0
:20F82A0018023E01F8017721250009E57DF80477E17CF8037778B128082B2A5F561AB720AE
:20F84A0003AF18023E01F80477F8017EB72006F8047EB7282201B1C021C1C03601FAC6C086
:20F86A003C21C5C06EF57D33F533C51E01215245CDF539E804182121C1C0360001C3C02128
:20F88A00C4C05E1C0A63E533F53311B1C0D51E01215245CDF539E804FA15C6F80922AF32C5
:20F8AA007E2FF80522AF2F77FA14C6F80722AF323A2BA6F80977AFF806A6F80A77E52BCB1D
:20F8CA0066E1286D21FFC43600F8047EB7284F2B2B2A5F566B6223E57DF80B77E17CF80A20
:20F8EA00322A5F561AF80522131A327EF808322B7EF80977F8022A5F561AF80A322B110021
:20F90A0000D53E01F533110000D52A5F2A57D57EF5331E0221F76FCDF539E8081813F80180
:14F92A007EB7280D2B7EF5331E0321BF50CDF53933E80BC953
:013A39001F6D
:207836002117C536002118C536002119C53600211AC5360001B6C00AEABAD9D603200E213A
:2078560017C5363021B8D9AF223608186AFABAD93D20282117C536C0212DC52AC6704F7E48
:20787600CEFF47CB21CB10CB21CB10CB21CB10CB21CB1021B8D9792270183CFABAD9D6024C
:20789600200F2118C5363021B8D93E8022360718262118C536D0212FC52AC6884F7ECEFF07
:2078B60047CB21CB10CB21CB10CB21CB10CB21CB1021B8D979227021B7D93600C9E8F221E7
:2078D600FFC43600FABAD92114C64E21BAD9460F301ACB51280921FFC4360106021825CBF8
:2078F60059282121FFC4360106001818CB49280921FFC436010603180BCB41280721FFC4D4
:2079160036010601FAB6C0902815FAFFC4F533C53311B1C0D51E01215446CDF539E804FAE7
:20793600FFC4B7CA687E21B2C02A4F46F80279227011B4C01AF80C22131A327EF80477F8A3
:207956000D7EF8057701C0C00AF80177FAB6C0F80D77F8027EF80677F8037EF80777F80D4A
:207976003A22AF32CB2623CB162B2A5F5621DD1B19E57DF80A77E17CF809322A5F561A4FD0
:20799600F8015E79CDA90DF80C792270F80C3A2B77F80D3A2B322A5F56F8062A666F19E519
:2079B6007DF80E77E17CF80D327EF80277F80D7EF803227EF80C77F8057EF80D77F8082A7A
:2079D6004F46030A4FF8015E79CDA90DF80A792270F80A3A2B77F80B3A2B322A5F56F80CE5
:2079F6002A666F19E57DF80C77E17CF80B327EF80477F80B7EF8057721BAD94EFAB6C0F89A
:207A16000C77CB41CA6D7C11B2C01AF80A22131A323A2B77F80B3A2B77CB3E2BCB1E23CB28
:207A36003E2BCB1E23CB3E2BCB1E23CB3E2BCB1EFAB7C0F80D77F80A22079F77F8083A2BCB
:207A560077F8093A2B77F80A3A2B77F80B3A2B322A5F56F8062A666F19E57DF80C77E17C15
:207A7600F80B77CB3E2BCB1E23CB3E2BCB1E23CB3E2BCB1E7EF80D77FAB8C0F80B773A2297
:207A9600079F323A2B77F80B3A2B322A5F56F8062A666F19E57DF80C77E17CF80B322A4FA5
:207AB60046CB38CB19CB38CB19CB38CB19793CF806322B7EF80A77F8057EF80B77CB3E2B85
:207AD600CB1E23CB3E2BCB1E23CB3E2BCB1E23CB3E2BCB1E23237EB7C2B77BFABAC0F80C00
:207AF60077F80822079F327EF80077F8097EF80177D1D5F80A2A666F19E57DF80A77E17C2B
:207B1600F809322A4F46CB38CB19CB38CB19CB38CB19F80C71F8067EF80D962876F80D7EFB
:207B3600212BC5963038F80C7E212CC596302FFA28C5F80B77212BC54E0600F80C5E160059
:207B5600CDBA0D792129C586234F788E47F80D6E2600095D54F80B7ECD21157918023E0FF7
:207B76000F302BF80C7E0E0087CB1187CB1187CB1121BAC06EF57D079F67F1956F799C67D3
:207B9600292929294D440BF8047922701805F80D341882F8042A4F4621B4C0792270C36812
:207BB6007EFAB9C04F079F47F80A2A666F094D44CB38CB19CB38CB19CB38CB19F80771F8CA
:207BD600067EF80D96CA5F7CF80D7E212BC5963046F8077E212CC596303DFA28C5F808773B
:207BF600FA2BC5F809223600F8077EF80B223600F8092A234F06005E1600CDBA0D792129E6
:207C1600C586234F788E47F80D6E2600095D54F8087ECD211518020E0FCB492826F8076E6A
:207C36002C26002929294D44FAB9C05F079F5779936F789A6729292929234D44F80479221E
:207C5600701806F80D34C3D57BF8042A4F4621B4C0792270C3687E21B4C02A4F46CB38CB0E
:207C760019CB38CB19CB38CB19CB38CB19FAB9C06F079F67095D54CB3ACB1BCB3ACB1BCBD6
:207C96003ACB1BF80D73FABAC06F079F6709CB3CCB1DCB3CCB1DCB3CCB1D7D3CF80677F84A
:207CB600022A4F46CB38CB19CB38CB19CB38CB19CB38CB19F80C7E3DC2C77DFAB8C06F07A4
:207CD6009F67094D44CB38CB19CB38CB19CB38CB19F80771F8067EF80D96CA787DF8077E76
:207CF600212BC5963045F80D7E212CC596303CFA28C5F80877FA2BC5F809223600F80D3ADB
:207D16002B223600F8092A234F06005E1600CDBA0D792129C586234F788E47F8076E2600BF
:207D3600095D54F8087ECD211518020E0FCB51282BF8077E0E0087CB1187CB1187CB112177
:207D5600B8C06EF57D079F67F1956F799C67292929294D440BF8027922701806F80D34C3D8
:207D7600EA7CFAB8C04F079F47212DC52A914F7E984769602B292929294D44F8027EF809BD
:207D960077F8037EF80A2223792270F80C5D54F8091A1396231A9E380BF8097EF80C322B14
:207DB6007EF80D7711B2C0F80C2A12137E12C3687EFAB7C06F079F67095DCB3CCB1BCB3C5D
:207DD600CB1BCB3CCB1BF80D56F8067E92286B7B212BC59630377A212CC5963030FA28C5CC
:207DF600F80D77212BC54E06006A2600D55D54CDBA0DD1792129C586234F788E476B2600B3
:207E160009D5E5F8117ED1CD2115D118020E0FCB592824AF6B67232929294D44FAB7C06F26
:207E3600079F5F79956F789B6729292929234D44F802792270180314188FF8022A4F46CB79
:207E5600782805110000180259504B4221B2C0792270FAB7D9B7C25C7F2149DA4E21BAD944
:207E760046F80A7922782211B2C01A22131A7768AF672911DD1B19465978CDA90DF80C2A7B
:207E9600666F094D4421B2C079227021B4C02A4F46F80B5EAF6B672911DD1B192356C5F808
:207EB6000C5E7ACDA90D6960C1094D4421B4C079227021B8D92A4F46FABAD93D201D21B236
:207ED600C02A665F5421B8D92A937E9A300D21B7D9360121B2C0792270186BFABAD9D60356
:207EF600201E21B2C02A665F5421B8D97B96237A9E300D21B7D9360121B2C0792270184639
:207F1600FABAD9B7201D21B4C02A665F5421B8D92A937E9A300D21B7D9360121B4C0792216
:207F3600701823FABAD9D602201C21B4C02A665F5421B8D97B96237A9E300B21B7D93601E6
:207F560021B4C0792270FA33DAE6013DC2FB7FAFF53311B2C0D511B7C0D51E03217052CDA7
:207F7600F539E805B7C2FB7FAFF5331E01214148CDF5393378B12810212F00097EB72808F0
:207F96002101C5712370185DFA15C616002F5F7A2F57FA14C62E00A35F7DA2CB63284678BB
:207FB600B120113E01F5333E08F5331E01218D47CDF539E178B1282D212F00097EB72025B3
:207FD600212500097EB7281D234E2346110000D52601E533110000D5C5F5331E0221F76F49
:087FF600CDF539E808E80EC9D9
:013A3A00107B
:20058100033E7901C46103FE6E01367803CA7505D94303D579013E6303136F01D37803032F
:0405A1007605E943AF
:20F93E002117C536002118C536002119C53600211AC53600FABBD9D610201F21B2C02A4621
:20F95E00AF21B2C0227021B4C02A460E00218000094D4421B4C0792270C921B2C02A4F46AC
:20F97E00CB38CB19CB38CB19CB38CB19CB38CB19CB38CB19CB38CB19CB38CB19AFCB184145
:20F99E00CB181F21B2C0227021B4C02A4F46CB38CB19CB38CB19CB38CB19CB38CB19CB382F
:20F9BE00CB19CB38CB19CB38CB19AFCB1841CB181F21B4C02270C9E8F6F8013604FABBD913
:20F9DE00D610203D21B2C02A4F46CB38CB19CB38CB19CB38CB19CB38CB1979E60F20222107
:20F9FE00B4C02A4F46CB38CB19CB38CB19CB38CB19CB38CB1979E60F4F060079D608B02828
:20FA1E0040FABBD9D608C2957F21B2C02A4F46CB38CB19CB38CB19CB38CB19CB38CB1979DF
:20FA3E00E607C2957F21B4C02A4F46CB38CB19CB38CB19CB38CB19CB38CB1979E607C29538
:20FA5E007F21FFC43600AFF53311B2C0D511B7C0D51E03217052CDF539E805B7C2FC7FFA89
:20FA7E0016C6F80977E5CB4EE120112114C64E2116C67EB7C2867BCB49CA867B21FFC436CD
:20FA9E0001F801360321B4C02A4F46CB38CB19CB38CB19CB38CB19CB38CB19FAB9C06F073C
:20FABE009F67095D54CB3ACB1BCB3ACB1BCB3ACB1BF80973FABAC06F079F6709CB3CCB1D4B
:20FADE00CB3CCB1DCB3CCB1D7D3CF8007721B2C02A4F46CB38CB19CB38CB19CB38CB19CB30
:20FAFE0038CB19FAB7C06F079F67094D44CB38CB19CB38CB19CB38CB19F80271F8097EF8AE
:20FB1E000096CA887EF8022A3D77212BC5963045F8097E212CC596303CFA28C5F80477FA86
:20FB3E002BC5F805223600F8093A2B223600F8052A234F06005E1600CDBA0D792129C586EF
:20FB5E00234F788E47F8036E2600095D54F8047ECD211518020E0FCB59280821FFC436005D
:20FB7E00C3887EF809341894E5F80BCB46E1200D2116C67EB7C2877CCB41CA877C21FFC402
:20FB9E003601F801360121B4C02A4F46CB38CB19CB38CB19CB38CB19CB38CB19FAB9C06F0E
:20FBBE00079F6709545DCB3ACB1BCB3ACB1BCB3ACB1BF80973FABAC06F079F6709CB3CCB60
:20FBDE001DCB3CCB1DCB3CCB1D7D3CF8007721B2C02A4F46CB38CB19CB38CB19CB38CB19DD
:20FBFE00CB38CB19FAB8C06F079F67094D44CB38CB19CB38CB19CB38CB19F80271F8097ED9
:20FC1E00F80096CA887EF8022A3C77212BC5963045F8097E212CC596303CFA28C5F8047788
:20FC3E00FA2BC5F805223600F8093A2B223600F8052A234F06005E1600CDBA0D792129C57A
:20FC5E0086234F788E47F8036E2600095D54F8047ECD211518020E0FCB51280821FFC436DE
:20FC7E0000C3887EF809341894E5F80BCB56E1200D2116C67EB7C2897DCB51CA897D21FF9F
:20FC9E00C43601F801360221B2C02A4F46CB38CB19CB38CB19CB38CB19CB38CB19FAB7C0BB
:20FCBE006F079F6709545DCB3ACB1BCB3ACB1BCB3ACB1BF80973FAB8C06F079F6709CB3CBD
:20FCDE00CB1DCB3CCB1DCB3CCB1D7D3CF8027721B4C02A4F46CB38CB19CB38CB19CB38CB26
:20FCFE0019CB38CB19FAB9C06F079F67094D44CB38CB19CB38CB19CB38CB19F80371F8093B
:20FD1E007EF80296CA887EF8037E3DF808227E212BC5963043F8087E212CC596303AFA28C5
:20FD3E00C5F80477FA2BC5F80522AF22233A223600F8052A234F06005E1600CDBA0D79219D
:20FD5E0029C586234F788E47F8096E2600095D54F8047ECD211518020E0FCB49280821FFEB
:20FD7E00C43600C3887EF809341893E5F80BCB5EE1200CFA16C6B7C2887ECB59CA887E213A
:20FD9E00FFC43601F801360021B2C02A4F46CB38CB19CB38CB19CB38CB19CB38CB19FAB77D
:20FDBE00C06F079F67095D54CB3ACB1BCB3ACB1BCB3ACB1BF80973FAB8C06F079F6709CB38
:20FDDE003CCB1DCB3CCB1DCB3CCB1D7D3CF8027721B4C02A4F46CB38CB19CB38CB19CB38B4
:20FDFE00CB19CB38CB19FABAC06F079F67094D44CB38CB19CB38CB19CB38CB19F80371F877
:20FE1E00097EF802962863F8037E3CF808227E212BC5963044F8087E212CC596303BFA28FF
:20FE3E00C5F80477FA2BC5F80522AF22233A223600F8052A234F06005E1600CDBA0D79219C
:20FE5E0029C586234F788E47F8096E2600095D54F8047ECD21157918023E0F0F300721FF3F
:20FE7E00C436001805F809341895F8017ED604281AFAFFC4F533F8027EF53311B1C0D51EDE
:20FE9E0001215446CDF539E804180D11B1C0D51E0121F545CDF539E1FA33DAE6013D201E66
:20FEBE00AFF5331E01214148CDF5393378B1280E212F00097EB728062101C5792270FAFF50
:20FEDE00C4B7282CAFF533FABBD9F5331E01218D47CDF539E178B128172101C5792270015D
:20FEFE00BCC00AEABDC00A3CEABEC021FFC43600FA15C60E002F5F792F572114C67E0E0038
:20FF1E00A35F79A2574E060079E6100E00A35F79A257B328623E01F533FABBD9F5331E0191
:20FF3E00218D47CDF539E178B1284C212F00097EB72044FAB6C0C602E603C52600E533F52A
:20FF5E0033C51E01215446CDF539E804C121FFC43600212500097EB7281D234E234611003B
:20FF7E0000D52601E533110000D5C5F5331E0221F76FCDF539E808FAFFC4B7286101C0C06C
:20FF9E000AF8057721B6C04E11B2C01AF80622131A7711DD1BAF696729194D440A57C5F806
:20FFBE00075E7ACDA90D5950C1F8062A666F19E57DF80A77E17CF8093211B2C02A12137E86
:20FFDE001221B4C02A666F030A4FE5E5F8095EE179CDA90DE1094D4421B4C0712370E80AF5
:01FFFE00C939
:12370400C5F8042A575EF8083A473A666FCDBF38C1C935
:20371600FABCD96F5FFABDD957CB2517CB2517CB2517CB2517677B856F7C8A677DC693EA30
:16373600BCD9577CCE5CEABDD95FC9F8022AEABCD97EEABDD9C9D9
:2005A500626B2AEAD9D92A5F2A571AEABED90E1211BFD92A12130D20FA0E4721DBD9AF22C4
:2005C5000D20FC3EF0EAE9D9EAF9D93E64EADAD90E0021BFD911D1D9CDEF0521C1D9CDEF5E
:2005E5000521C3D9CDEF0521C5D92A81666F8C95672A12137E1213C9474B1EFE78B72807E5
:20060500CB21CB033D20F9FADBD9A3B1EADBD9A1C27208C9FAE0D967848426006F092A464F
:20062500234EC92A4F46CD1906210000FE48D01287C6B06FCE0C95672A666F37C9C6C02F91
:20064500FE07D867CB3FCB3F3D6F7CE603C604CB35B5C978CB3782C6E26FCED99567C9263F
:200665000048FADBD90D28170D28250D2833CB47C07BEAE2D9E0137AEAE3D9B4E014C9CB30
:200685004FC07BEAF2D9E0187AEAF3D9B4E019C9CB57C07BEA02DAE01D7AEA03DAB4E01E65
:2006A500C9CB5FC0547BCD42062118DAB6E0227AE023C91806181718281849FADBD9CB47DF
:2006C500C021E2D92AE013FAE7D9B6E014C9FADBD9CB4FC021F2D92AE018FAF7D9B6E01920
:2006E500C9FADBD9CB57C0F025F5E6BBE025AFE01A2FE01A2102DA2AE01DFA07DAB6E01E67
:20070500F1E025C9FADBD9CB5FC0FA12DAE022FA17DAE023C97E34E5CD1C06E1C55778E6FD
:20072500F0CB7A2804CBBACBC7CB3728023D777AFE5A2821D624435F1604CD58067B86233C
:20074500565F04CB504A2005CD3506545D61CBBC05CD660658C116011802160078E60FB1F4
:20076500C878E60F87C67F6FCE0795672A666FCB4228012343FADDD9B7E9FB082E093D09C8
:200785004C09D3089F07A407F409BE07C307B8094F0885085B0861084708C079E024C90081
:2007A50021CDD93E0FA187865F233E008E676B2A666F5059FADDD9B7E9C079E025C9C0FA99
:2007C500DBD905280D05281C05280ECB47C079E011C9CB4FC079E016C9CB5FC0F022CB9F25
:2007E500B1E022C9CB57C07921DAD9CDF8070602C3F80977CB3721CFD98623666F8C956769
:20080500F025F5E6BBE025AFE01A2AE0302AE0312AE0322AE0332AE0342AE0352AE0362AA5
:20082500E0372AE0382AE0392AE03A2AE03B2AE03C2AE03D2AE03E2AE03F3E80E01AF1E0E7
:2008450025C9C079EAD9D9C94FAFC021DED9B6200236012371C9C079EADED9C9B9C078C6AB
:20086500FECE0387271F57FADBD92FA2C878878780C6126F26FFAF2278FE02C82C36FFC98C
:20088500C0CB31FADBD905281305281D052836CB47C0F012E60FB1E012C3C006CB4FC0F03D
:2008A50017E60FB1E017C3D306CB57C079FEA0300FFE503007B7280A3E6018063E401802E9
:2008C5003E20E01CC9CB5FC079E021C30907C81604CD580679E6F0CB375FFADCD9A37E2804
:2008E50007CD3506545D180BCD350679E60F855F8C9357C36406001604CD580656FADCD9C9
:200905003D1802D603FE0330FA87C6176FCE099567E9180918037A180879CB37FE79E60F2B
:2009250082CD3506545DC36406C81600CD58062A815F8E9357C36406C81600CD58062A91CE
:200945005F9F8657C3640628551600CD5806E52A5F2A572A666F7CBA381A20067DBB3814AC
:20096500282A79835F8A93577CBA381E201E7DBB381818187B915F9F8257CB7A200C7ABC45
:20098500380820087BBD38021802545DE17B22723E04856F8C95677ECBBE67C36606160448
:2009A500CD58063A545DCD35067C121B7D12E1F1A7F5E9C078C6FECE0387271F57FADBD9E6
:2009C5002FA2C879E60F5779E6F05FCB3378878780C6124FF2E6F0CB37923001AF83FE100E
:2009E50038023E0FCB37E20C0CF2F680E2180428BDB9C07887C6B86FCE069567E978E6F0B8
:200A0500CB37C83D875F8783856F8C956717C9FADDD9B7C2C90B21D1D911E6D9CD2806F5F6
:200A2500303F78E60FFE0328087DEAE2D97CEAE3D921C7D92A666FCD020AFAE7D9CBBF285B
:200A45001DFADBD9CB4720192AE0102AE0112AE0122AEAEAD92AEAEBD9AFEAECD97EEAE7CE
:200A6500D91E00CD5F07F1DCC006FAEAD94FFAEBD947B121ECD91E00C41A0721D3D911F635
:200A8500D9CD2806F5303D78E60FFE0328087DEAF2D97CEAF3D921C7D92A666FCD020AFA86
:200AA500F7D9CBBF281BFADBD9CB4F2017232AE0162AE0172AEAFAD92AEAFBD9AFEAFCD9F4
:200AC5007EEAF7D91E01CD5F07F1DCD306FAFAD94FFAFBD947B121FCD91E01C41A0721D50F
:200AE500D91106DACD2806F5D2380B78E60FFE0328087DEA02DA7CEA03DA21C9D92A666F3C
:200B0500CD020AFA07DACBBF2826FADBD9CB5720222AE01B2AE01C2AE521DAD9BE2803CD4E
:200B2500F807E12AEA0ADA2AEA0BDAAFEA0CDA7EEA07DA1E02CD5F07F1DCE606FA0ADA4FDE
:200B4500FA0BDA47B1210CDA1E02C41A0721D7D92A4F46CD1906FE48F5304CEA16DACD4291
:200B650006EA12DA21CBD92A666FCD020AFA17DACBBF2830FADBD9CB5F202C2AE0212AEAC7
:200B85001BDA2AEA1CDAAFEA1DDA7EE63FE020FA12DA577EE680CB37EA18DAB2EA12DA7E19
:200BA500E640F680EA17DA1E03CD5F07F1DC0907FA1BDA4FFA1CDA47B1211DDA1E03C41A4B
:200BC50007C3710CFADBD9CB47201221D1D92A4F46CD190679B728051E00CD5F07FAEAD9F6
:200BE5004FFAEBD947B121ECD91E00C41A07FADBD9CB4F201221D3D92A4F46CD190679B760
:200C050028051E01CD5F07FAFAD94FFAFBD947B121FCD91E01C41A07FADBD9CB5720122151
:200C2500D5D92A4F46CD190679B728051E02CD5F07FA0ADA4FFA0BDA47B1210CDA1E02C4B7
:200C45001A07FADBD9CB5F201221D7D92A4F46CD190679B728051E03CD5F07FA1BDA4FFAFF
:200C65001CDA47B1211DDA1E03C41A0721DCD9342334FAD9D996C022B6280D3D47AF22B6E8
:200C8500281036003D871817FAE0D93CFE4020170600FABED94FFAE1D9C602B92001AFEAB5
:200CA500E1D94FCDD70578EAE0D9C92C009C0006016B01C90123027702C602120356039B25
:200CC50003DA0316044E048304B504E50411053B0563058905AC05CE05ED050A0627064259
:200CE500065B06720689069E06B206C406D606E706F7060607140721072D07390744074F37
:200D050007590762076B0773077B0783078A07900797079D07A207A707AC07B107B607BA63
:1B0D250007BE07C107C407C807CB07CE07D107D407D607D907DB07DD07DF07C2
:20374C00F040E610C29937C5F8073A473A4F3A5F6EE5AFB32005110010180926006B29293F
:20376C002929545DE17D079F6729292929C501009009C1CB5C2806CB642802CBA4F041E6D7
:20378C000220FA2A02031B7AB320E8C1C9C5F8053A5F6EE5AFB320051100101809AF676B00
:2037AC0029292929444DE1672929292911008019545DF8073A6E62577D6B5FCDB40EC1C9C1
:200D4000F041E60220FA1AC9F040E6402808180AF040E608200416981802169CF8033A6E76
:200D60005ACB370767E60383573EE0A4856F62F041E60220FA5EC9FE28D05787874F7B92BD
:200D8000D8C8214ADA6669110400CB3F30037219C8CB3F300572197219C87219721972193C
:200DA00072193D20F5C94F18024B5F7B179F57AF182A4F179F477B179F5778BA38067B59E9
:200DC0004F7A5047B7CADC0D2E00061029CB11173001190520F64D44C94FAF576F060879DF
:200DE00029173001190520F84D44C92141FFCB4E20FC12C9F040E6402808180AF040E608BB
:200E0000200416981802169CC5F8042A472A5ACB37074FE60383573EE0A1805FF041E602AC
:060E200020FA7E12C1C998
:2037CC00F8033A575E87D0AF935F3E009A57C9C5F8042A575EF8093A473A4F3A666FCD9BE1
:2037EC0039C1C9F80656180A1690F040E61028021680C5F8042A5F2A4F2A666FCB337BE6D7
:20380C000F82577BE6F05FCB5A2802CBA20610F041E60220FA2A12130520F40D20E9C1C9F7
:20382C00F8022A666FC5444D1100002AB728031318F9CB3ACB1B7BB228132B2B141C1807F4
:20384C007EF50A32F102031D20F61520F3C1F8025E2356C9F090F5217638E52122DA2A662B
:18386C006FFA24DAE090EA0020E9F1E090EA0020C9794B5F784257C949
:200E2600C5E8F0F8000E10AFEFF8003E89223E0332CD730E0E003E30E2F2F21E04F2473EDE
:200E460020E2F2F23E10E2F2F23E30E2F2F2F2F2B820071D20E81E00180AF8013E0032CD00
:200E6600730E1E01E810C1C9F8022A666FC57EE6072839F50E00E23E30E206101E082A57CE
:200E8600CB3A3E1038023E20E2F2F23E30E2F2F21D20ED0520E63E20E2F2F23E30E211D0DD
:0E0EA60020F0001B7AB320F9F13D20C7C1C92E
:03004800C3843836
:20388400F5E5C5D52126DAE52A666FB42815E72128DA2A666FB4280BE7212ADA2A666FB40B
:1B38A400C42000E1D1C1E1F041E60220FAF1D92126DAC3F0012126DAC3D0014A
:2038BF00E5F040E6402809180CE5F040E6082005210098180321009CC5CB33CB037BE603AB
:2038DF0084473EE0A3824FE1D1D5C5F041E60220FA7C0279E6E05F793CE61FB34F1520EBF5
:1638FF00C1D11DC8D578E6FC5F3E20814F8891E603B347C518D5D2
:200EB400C579CDC20EC9F8033A6E60477D69CB381F4F3009F041E60220FA2A1213CB38CB50
:200ED40019040C30261812F041E60220FA2A1213F041E60220FA2A1213F041E60220FA2AF4
:140EF4001213F041E60220FA2A12130D20D90520D6E1F1E987
:20391500C5F8042A575EF8083A473A666FCDC838C1C9F5D5167FCD3739B720F81520F7D1A3
:20393500F1C93E20E000F000F000E60F5F3E10E000F000F000F000F000F000F000E60FCBB8
:1239550037B32F5F3E30E0007BC957CD3739A228FAC935
:013A3B00C0CA
:200F0800FE283802AFC9F587874F212EDA2A666FFA4ADA472AFE80281C8257020C2A835F33
:1D0F2800020CFA30DA8623020CFA31DA8623020C79FEA038DF79CB3FCB3FD192C940
:01396700E976
:200F4500D5F8053A6E60477D69CB381F4F30032A1213CB38CB19040C300E18062A12132AC6
:120F650012132A12132A12130D20F10520EEC1E1F1E90A
:20396800F8073A573A5FB228242B3AF53A6E67F1CB3ACB1B300122CB3ACB1B30022222140B
:133988001C1804222222221D20F91520F6F8022A5F56C969
:013A3C000089
:20399B00E5F040E6402809180CE5F040E6082005210098180321009CC5CB33CB037BE603CE
:2039BB0084473EE0A3824FE1D1D5C5F041E60220FAFA4BDA86022379E6E05F793CE61FB33B
:2039DB004F1520E7C1D11DC8D578E6FC5F3E20814F8891E603B347C518D1F090F57BE09024
:1439FB00EA0020E7E5F803666F7CE090EA00207DE1E802C90B
:200F77004F0600C3E10F4F0600CDE10F4B42C916004F079F47C3E50F16004F079F47CDE5DD
:200F97000F4B42C94FCDDD0FC94FCDDD0F4B42C97B594F7A5047C3E50F7B594F7A5047CDBA
:200FB700E50F4B42C94FCD1B10C94FCD1B104B42C97B594F7A5047C31E107B594F7A5047CA
:200FD700CD1E104B42C979079F477B079F5778F5AAF5CB7A280697935F9F9257CB782806CA
:200FF70097914F9F9047CD1E103816F1E680280697914F9F9047F1E680C897935F9F925702
:20101700C9F1F1C90600507BB22007010000505937C96960010000B73E10F5CB15CB14CBA3
:2010370011CB10C5799B4F789A473F3808C1F13DB720E71808F1F13D3720DF18005059CBFF
:07105700154DCB1444B7C98D
:143A0F00C5F8042A575EF8093A473A4F3A666FCDA439C1C9B5
:00000001FF
